f-act,_/sec;f-sim,_/sec;frame,_time;__cpu,_time;_gpu_,time_;_grnd,ratio;_flit,ratio;_Vind,_kias;_Vind,_keas;Vtrue,_ktas;Vtrue,_ktgs;_Vind,__mph;Vtrue,mphas;Vtrue,mphgs;alpha,__deg;_beta,__deg;hpath,__deg;vpath,__deg;_slip,__deg;__lat,__deg;__lon,__deg;__alt,ftmsl;__alt,ftagl;___on,runwy;__alt,__ind;__lat,orign;__lon,orign;_lift,___lb;_drag,___lb;_side,___lb;____L,lb-ft;____M,lb-ft;____N,lb-ft;__L/D,ratio;___cl,total;___cd,total;__L/D,*etaP;wing1,_lift;wing1,_lift;wing2,_lift;wing2,_lift;wing3,_lift;wing3,_lift;wing1,_drag;wing1,_drag;wing2,_drag;wing2,_drag;wing3,_drag;wing3,_drag;hstab,_lift;hstab,_lift;vstb1,_lift;hstab,_drag;hstab,_drag;vstb1,_drag
1.47281;54.08329;0.67898;0.99450;0.01561;1.00000;1.00000;100.08917;100.11261;101.29006;101.29005;115.18056;116.56253;116.56252;0.91643;-1.29664;5.71588;0.00060;-0.91382;-36.73505;-73.08286;1008.52765;980.85187;0.00000;963.43231;-36.50000;-73.00000;2584.50098;217.85066;-55.99446;-21.81081;-1540.28894;498.22705;11.86364;0.37618;0.03171;278.24020;645.95441;627.46851;594.77411;592.39008;2.10318;19.94728;31.32126;29.83077;17.15072;17.03585;0.61933;0.69923;48.48128;48.72154;34.41600;3.51905;3.67787;2.25663
63.81689;76.87577;0.01567;0.73527;0.00541;1.00000;1.00000;73.21181;99.64826;100.82069;100.81470;84.25066;116.02238;116.02237;1.72106;0.28786;5.81140;0.62344;-0.67382;-36.73459;-73.08280;1008.81940;977.28772;0.00000;733.12598;-36.50000;-73.00000;2902.60034;247.56412;21.57742;162.92519;-203.46164;-313.27029;11.72464;0.42642;0.03637;10.40462;729.42566;714.44318;693.04907;695.64777;24.09337;16.86305;38.00295;36.93320;21.42331;21.61303;0.73890;0.68791;31.19864;-10.93774;-21.38064;3.60868;3.38084;2.04284
93.43281;99.50249;0.01070;0.01377;0.00319;1.00000;1.00000;92.32085;98.58926;99.75530;99.68350;106.24094;114.79636;114.79636;1.78513;-0.76225;5.92559;2.17408;-0.39941;-36.73413;-73.08275;1012.97162;979.20184;0.00000;929.37573;-36.50000;-73.00000;2882.80884;248.45062;-27.97280;126.66582;-189.64464;75.67492;11.60315;0.43266;0.03729;11.02934;731.56293;703.51733;688.07318;689.59650;17.78686;24.02882;38.59207;36.28671;21.52076;21.48198;0.67988;0.74234;37.70287;-17.80230;6.35479;3.67027;3.49296;1.89182
89.45240;88.63677;0.01118;0.01039;0.00273;1.00000;1.00000;96.92318;96.81773;97.97462;97.81385;111.53721;112.74719;112.74718;1.53933;-1.18901;5.80658;3.28277;-0.60507;-36.73367;-73.08269;1021.17114;985.98450;0.00000;990.56573;-36.50000;-73.00000;2661.22510;231.01100;-36.50240;77.60155;-207.52269;109.21284;11.51991;0.41416;0.03595;11.57457;684.97479;651.60138;631.11530;635.16656;11.37156;23.55845;35.30267;32.70772;19.19493;19.36572;0.62396;0.71816;33.74347;-16.75674;9.89176;3.41050;3.40843;1.85989
92.55895;98.63878;0.01080;0.01078;0.00310;1.00000;1.00000;96.43890;94.78840;95.93427;95.79508;110.97990;110.39919;110.39919;1.13086;-0.39978;5.80723;3.08668;-0.56808;-36.73323;-73.08263;1030.53320;993.97137;0.00000;1009.91528;-36.50000;-73.00000;2355.98413;204.09863;-8.93415;43.18671;-167.37149;-61.75159;11.54336;0.38252;0.03314;12.68501;611.67065;591.52020;554.70184;561.06055;11.26089;13.43767;30.04400;28.62588;16.21453;16.48614;0.59820;0.61509;22.44552;-13.70052;-2.93208;3.15184;3.13598;1.74467
91.52558;94.59843;0.01093;0.01072;0.00320;1.00000;1.00000;94.75002;92.92015;94.05296;94.01323;109.03638;108.23422;108.23422;0.84533;-0.33907;5.86523;1.66547;-0.44519;-36.73280;-73.08257;1037.41870;999.50128;0.00000;1020.59467;-36.50000;-73.00000;2125.93188;184.84380;-11.87264;15.63237;-93.15865;22.75304;11.50124;0.35919;0.03123;16.55588;557.64142;542.74030;500.26151;505.42184;7.96108;9.90811;26.56474;25.52744;14.28831;14.48538;0.56013;0.57140;10.32968;-10.17808;2.15774;2.83458;2.94179;1.67068
93.95062;96.88984;0.01064;0.01069;0.00332;1.00000;1.00000;92.99206;91.46359;92.58108;92.57932;107.01335;106.54041;106.54041;1.10518;-0.15917;5.87988;-0.35291;-0.40476;-36.73236;-73.08252;1039.19641;999.97687;0.00000;1027.13599;-36.50000;-73.00000;2158.93628;184.32562;-8.63011;-16.78485;-51.25658;34.50568;11.71262;0.37647;0.03214;1.66621;554.89252;545.71167;513.22760;518.32910;10.82755;11.46941;27.13673;26.48049;14.95915;15.18572;0.55059;0.55583;3.91129;-2.73319;2.61881;2.69725;2.78002;1.52374
88.54644;84.04067;0.01129;0.01056;0.00350;1.00000;1.00000;91.54330;90.32474;91.42413;91.37617;105.34615;105.20901;105.20900;1.59205;0.32489;5.91332;-1.85587;-0.25422;-36.73194;-73.08247;1036.07727;996.66766;0.00000;1028.80200;-36.50000;-73.00000;2296.33569;194.23613;8.69623;-40.14443;-84.43838;-44.63535;11.82239;0.41059;0.03473;10.32132;568.26752;569.91144;553.06915;558.15045;17.38267;13.58222;29.17492;29.32992;16.85003;17.11178;0.57577;0.54656;4.68230;4.70652;-3.95833;2.65298;2.64543;1.40305
90.62988;75.79202;0.01103;0.00704;0.00385;1.00000;1.00000;90.20212;89.32015;90.39733;90.28574;103.80275;104.02740;104.02740;2.11228;0.24512;5.94421;-2.84743;-0.04128;-36.73146;-73.08241;1028.57068;988.95099;0.00000;1025.23657;-36.50000;-73.00000;2453.93457;205.42976;4.50026;0.00961;-74.35506;2.31512;11.94537;0.44870;0.03756;58.00150;595.60010;596.98016;598.42346;599.64362;21.45724;18.52437;32.29149;32.39455;19.28267;19.33631;0.60198;0.57387;7.23488;7.13262;-0.91965;2.62844;2.62584;1.34359
94.04034;91.25754;0.01063;0.01070;0.00310;1.00000;1.00000;89.32555;88.71421;89.77362;89.65189;102.79401;103.30964;103.30965;2.53095;0.11280;5.86492;-2.98415;-0.00557;-36.73104;-73.08235;1020.65015;980.84357;0.00000;1018.93329;-36.50000;-73.00000;2589.38306;218.47546;0.85517;33.88231;-100.94303;24.09709;11.85205;0.47996;0.04050;4.18882;619.82635;620.17139;636.37787;634.24780;24.24738;22.90351;35.07373;35.09589;21.48022;21.36470;0.62704;0.61153;10.18536;10.10702;0.95867;2.63247;2.63091;1.30860
94.26624;99.20634;0.01061;0.01077;0.00326;1.00000;1.00000;88.66518;88.19462;89.23820;89.15547;102.03407;102.69349;102.69350;2.93464;0.25943;5.73301;-2.46736;0.00696;-36.73063;-73.08230;1013.32477;981.61584;0.00000;1011.49963;-36.50000;-73.00000;2729.90088;233.22292;1.96300;68.35871;-166.74762;-31.93343;11.70511;0.51198;0.04374;7.73857;648.05481;647.10284;671.48663;668.31500;28.82811;25.24509;38.08693;38.02382;23.69488;23.51560;0.68312;0.63874;14.73800;13.38805;-2.13724;2.58321;2.70216;1.24630
92.37921;96.66505;0.01082;0.01040;0.00320;1.00000;1.00000;88.08988;87.65834;88.68875;88.65715;101.37203;102.06120;102.06120;3.02904;-0.02173;5.58013;-1.52962;0.01152;-36.73022;-73.08224;1008.07996;997.21912;0.00000;1004.58240;-36.50000;-73.00000;2744.30420;235.88002;-5.16114;105.16404;-194.77222;-21.64445;11.63432;0.52100;0.04478;8.77660;654.85974;648.31256;673.20520;669.12329;28.42051;27.02746;38.86603;38.24186;24.04227;23.73073;0.67534;0.66306;24.15971;6.46471;-0.89807;2.72261;2.68085;1.27141
91.29193;96.73987;0.01095;0.01062;0.00351;1.00000;1.00000;87.55136;87.17513;88.19617;88.18989;100.75231;101.49435;101.49435;2.95713;-0.67482;5.37172;-0.68416;-0.11040;-36.72982;-73.08220;1005.24640;999.90186;0.00000;999.50531;-36.50000;-73.00000;2698.28296;233.23415;-20.56007;138.59523;-212.32559;25.53221;11.56899;0.51796;0.04477;9.10657;653.73462;636.25726;657.87726;653.48254;24.65051;29.29249;38.62622;36.97393;23.31246;22.95959;0.62661;0.69799;34.24843;-3.25804;3.53970;2.92717;2.70739;1.37427
89.69136;78.02747;0.01115;0.01045;0.00336;1.00000;1.00000;87.09062;86.86006;87.87619;87.87611;100.22210;101.12612;101.12612;2.83593;-1.17369;5.16244;-0.08235;-0.30116;-36.72942;-73.08215;1004.30786;1000.07794;0.00000;996.60699;-36.50000;-73.00000;2645.74414;229.78601;-29.54524;170.03702;-224.64424;23.24272;11.51395;0.51156;0.04443;9.17939;652.22815;623.73456;639.71332;636.61554;21.48688;30.30428;38.16753;35.56165;22.35099;22.08120;0.59413;0.71936;45.16225;-14.66185;4.30537;3.18217;2.88303;1.52363
89.40408;78.03964;0.01119;0.01062;0.00358;1.00000;1.00000;86.79597;86.81452;87.83055;87.82937;99.88302;101.07360;101.07360;2.68434;-1.59646;5.01528;0.29776;-0.49450;-36.72901;-73.08211;1004.63281;1000.65039;0.00000;995.52386;-36.50000;-73.00000;2599.92212;226.80788;-36.60931;202.05826;-242.96140;17.68483;11.46310;0.50323;0.04390;9.13796;652.80054;613.45807;622.54382;621.17944;18.62267;30.80328;37.72493;34.22299;21.38120;21.20471;0.57344;0.73618;56.01255;-25.82267;4.45688;3.55128;3.10913;1.67642
93.64099;92.37022;0.01068;0.01047;0.00337;1.00000;1.00000;86.76403;87.12220;88.14321;88.13991;99.84627;101.43340;101.43341;2.51697;-1.97635;4.93377;0.49701;-0.69965;-36.72861;-73.08206;1005.69684;1001.75183;0.00000;995.71045;-36.50000;-73.00000;2569.31860;225.37094;-43.70725;237.63049;-257.34372;32.90279;11.40040;0.49380;0.04331;9.02865;656.95709;607.92358;609.37048;608.68781;15.75357;31.37907;37.40075;33.14187;20.54460;20.41822;0.56114;0.75534;64.04427;-34.42606;5.80188;3.88296;3.36415;1.83963
93.67359;97.48489;0.01068;0.01063;0.00347;1.00000;1.00000;87.07573;87.81027;88.84122;88.83635;100.20496;102.23666;102.23666;2.33997;-2.23454;4.93140;0.60053;-0.87217;-36.72820;-73.08202;1007.14374;1003.23718;0.00000;996.67487;-36.50000;-73.00000;2555.06226;224.76355;-46.37300;275.38583;-277.01169;-7.70793;11.36778;0.48339;0.04252;8.74780;666.08795;605.06299;599.32251;601.70416;13.75293;31.14371;37.38090;32.25026;19.80665;19.83759;0.56453;0.76808;76.65605;-47.54708;3.25126;4.41127;3.76814;2.05177
93.01396;99.58176;0.01075;0.01051;0.00347;1.00000;1.00000;87.74801;88.83350;89.87867;89.87296;100.97861;103.43053;103.43053;2.13369;-2.73251;4.97470;0.64640;-1.05866;-36.72779;-73.08198;1008.79913;1004.93616;0.00000;998.06659;-36.50000;-73.00000;2540.85645;225.36459;-58.51868;295.10986;-288.04984;34.91691;11.27443;0.46970;0.04166;8.65315;676.35590;601.58148;589.81390;595.17657;9.90707;32.31231;37.39541;31.25034;19.06207;19.21973;0.56430;0.80194;87.46621;-59.86672;6.47493;4.90252;4.20911;2.35721
92.98158;98.89240;0.01075;0.01036;0.00339;1.00000;1.00000;88.70457;89.95526;91.01587;91.01089;102.07940;104.73920;104.73920;1.92784;-2.93729;5.02861;0.59986;-1.29524;-36.72737;-73.08193;1010.48645;1006.66656;0.00000;999.68024;-36.50000;-73.00000;2522.19727;224.96161;-63.22209;291.02237;-272.50821;54.41852;11.21168;0.45469;0.04056;8.61177;680.73029;599.36975;581.73175;589.29645;6.94143;32.30825;36.95679;30.44004;18.37601;18.67117;0.57016;0.81223;88.93535;-64.50325;7.98856;5.01071;4.39822;2.47489
92.95342;95.52012;0.01076;0.01036;0.00348;1.00000;1.00000;89.79706;91.08702;92.16299;92.15951;103.33661;106.05929;106.05929;1.77036;-2.69411;5.17253;0.49863;-1.40324;-36.72694;-73.08188;1011.97870;1008.20148;0.00000;1001.31134;-36.50000;-73.00000;2519.89990;224.34268;-55.40900;290.58060;-269.62640;-8.09675;11.23237;0.44306;0.03944;8.63174;683.71405;602.09296;579.04388;588.75739;6.97202;29.98582;36.52107;30.13082;17.98513;18.38967;0.58445;0.79021;89.20860;-66.64799;3.31484;5.06276;4.50210;2.49595
92.34150;93.65927;0.01083;0.01047;0.00353;1.00000;1.00000;90.92834;92.14117;93.23127;93.22922;104.63847;107.28864;107.28863;1.63125;-2.58664;5.36814;0.37944;-1.44256;-36.72652;-73.08183;1013.19122;1009.45581;0.00000;1002.77460;-36.50000;-73.00000;2513.40649;225.02734;-56.90170;258.13904;-251.55675;46.12923;11.16934;0.43186;0.03867;9.04345;682.89941;604.82458;577.24561;587.38165;5.89337;28.93129;35.90828;29.86604;17.68263;18.10366;0.59135;0.78034;81.58954;-61.60489;6.59537;4.79674;4.36968;2.44212
92.95651;91.18262;0.01076;0.01047;0.00356;1.00000;1.00000;91.94400;92.90781;94.00812;94.00742;105.80727;108.18261;108.18261;1.55323;-2.11496;5.58160;0.22077;-1.42223;-36.72609;-73.08178;1014.02039;1010.32587;0.00000;1003.95679;-36.50000;-73.00000;2512.75610;224.29343;-45.20122;230.62794;-230.29332;4.31933;11.20299;0.42466;0.03791;9.29667;677.85931;609.80963;578.91821;588.59393;7.45079;26.10399;35.20116;29.99193;17.58708;18.01617;0.59928;0.74587;70.48698;-52.47083;3.11340;4.42669;4.10980;2.27897
91.68919;80.52178;0.01091;0.01075;0.00374;1.00000;1.00000;92.75568;93.50648;94.61446;94.61434;106.74133;108.88038;108.88036;1.52197;-1.71069;5.82847;0.08457;-1.26892;-36.72565;-73.08173;1014.43500;1010.78052;0.00000;1004.77155;-36.50000;-73.00000;2523.87427;224.60214;-35.83642;226.57846;-228.94019;-33.31711;11.23709;0.42109;0.03747;9.33259;676.09344;615.55194;583.29718;592.09650;9.48723;23.66888;34.91616;30.28823;17.67146;18.05095;0.60832;0.72113;65.09772;-47.32161;-0.14214;4.25754;3.97923;2.19337
93.83719;98.57072;0.01066;0.01055;0.00366;1.00000;1.00000;93.40094;94.06155;95.17625;95.17625;107.48389;109.52689;109.52689;1.48968;-1.74269;6.00086;-0.00020;-1.16128;-36.72522;-73.08167;1014.54053;1010.92493;0.00000;1005.19788;-36.50000;-73.00000;2535.07764;226.02713;-39.63988;231.79295;-228.82126;5.41305;11.21581;0.41798;0.03727;9.26346;678.61212;618.37903;587.31732;594.87439;8.96961;23.79709;34.96251;30.35306;17.75849;18.06597;0.61051;0.72580;63.88544;-46.52085;2.52258;4.22641;3.96804;2.18568
93.45699;95.04800;0.01070;0.01044;0.00367;1.00000;1.00000;93.98153;94.63779;95.75925;95.75924;108.15202;110.19778;110.19778;1.44829;-1.75846;6.07004;-0.03407;-1.12311;-36.72478;-73.08161;1014.48083;1010.90320;0.00000;1005.33777;-36.50000;-73.00000;2545.79297;227.21910;-40.61488;234.80931;-230.11981;5.01454;11.20413;0.41465;0.03701;9.23823;682.21875;621.53839;590.08740;597.23444;8.48602;23.73048;35.01542;30.40457;17.78065;18.06531;0.61532;0.73061;64.24008;-47.34407;2.75900;4.25765;4.00923;2.20657
91.32768;94.33072;0.01095;0.01049;0.00366;1.00000;1.00000;94.56048;95.21377;96.34190;96.34188;108.81826;110.86829;110.86828;1.39408;-1.72804;6.07341;-0.03215;-1.09776;-36.72433;-73.08155;1014.38245;1010.84174;0.00000;1005.31165;-36.50000;-73.00000;2550.69458;228.02469;-40.46742;232.43556;-229.86333;2.36525;11.18605;0.41044;0.03669;9.28679;684.34186;624.40210;591.11145;597.90051;8.10535;23.27303;34.91731;30.40616;17.72741;17.98911;0.62089;0.73168;63.76168;-47.57936;2.76129;4.26974;4.04123;2.22385
93.37218;89.91998;0.01071;0.01059;0.00371;1.00000;1.00000;95.13118;95.74749;96.88183;96.88181;109.47501;111.48962;111.48962;1.33613;-1.69903;6.03303;-0.02479;-1.08478;-36.72389;-73.08150;1014.30261;1010.79785;0.00000;1005.23181;-36.50000;-73.00000;2550.01904;228.47281;-40.68751;226.57355;-226.18558;8.45599;11.16115;0.40577;0.03636;9.33331;684.93451;626.33569;590.86530;597.11139;7.59051;22.80832;34.71741;30.35054;17.62758;17.86094;0.62518;0.73179;62.05619;-46.81979;3.32745;4.24348;4.04512;2.22794
92.80671;99.81036;0.01078;0.01043;0.00362;1.00000;1.00000;95.66039;96.21626;97.35606;97.35606;110.08401;112.03535;112.03537;1.28426;-1.62603;5.97491;-0.02704;-1.07011;-36.72344;-73.08144;1014.23145;1010.76129;0.00000;1005.15747;-36.50000;-73.00000;2548.11670;228.62892;-39.30755;220.23125;-221.85599;4.44790;11.14521;0.40153;0.03603;9.37406;684.57288;628.02692;590.50952;596.29779;7.40215;22.07944;34.48240;30.30837;17.53523;17.74686;0.62927;0.72903;59.88015;-45.56862;3.11603;4.20014;4.03192;2.22007
93.11331;82.49464;0.01074;0.01054;0.00367;1.00000;1.00000;96.13789;96.65138;97.79620;97.79620;110.63351;112.54186;112.54188;1.24027;-1.55920;5.92096;-0.03625;-1.03900;-36.72300;-73.08138;1014.14142;1010.70477;0.00000;1005.07880;-36.50000;-73.00000;2547.80200;225.96623;-37.31705;216.39047;-219.52557;2.68458;11.27514;0.39787;0.03529;9.50950;684.59656;629.74371;590.64240;596.00055;7.29287;21.41191;34.30740;30.28670;17.47208;17.66321;0.63323;0.72635;58.15144;-44.51500;2.91553;4.16908;4.02224;2.21376
93.82856;101.31712;0.01066;0.01044;0.00362;1.00000;1.00000;96.57983;97.04910;98.19846;98.19841;111.14209;113.00477;113.00476;1.20073;-1.52153;5.87199;-0.04799;-1.01261;-36.72255;-73.08132;1014.02032;1010.61615;0.00000;1004.98486;-36.50000;-73.00000;2547.75781;226.28719;-37.02808;212.56166;-216.70514;5.79198;11.25896;0.39461;0.03505;9.52926;684.86975;631.13428;590.72522;595.79126;7.05077;20.94679;34.17059;30.25362;17.41422;17.59169;0.63647;0.72544;56.62532;-43.69541;3.14265;4.14410;4.01682;2.21063
92.63081;100.88781;0.01080;0.01035;0.00364;1.00000;1.00000;96.98205;97.41190;98.56533;98.56528;111.60495;113.42696;113.42696;1.16598;-1.48113;5.83140;-0.06019;-0.99188;-36.72210;-73.08126;1013.86322;1010.49036;0.00000;1004.86377;-36.50000;-73.00000;2548.30542;226.59093;-36.36703;209.31680;-214.19757;4.75854;11.24628;0.39176;0.03483;9.54604;685.28296;632.48853;590.89148;595.81567;6.89128;20.48047;34.05920;30.23099;17.36582;17.53741;0.63970;0.72475;55.32178;-43.02852;3.06787;4.12484;4.01435;2.20815
92.10925;98.48336;0.01086;0.01062;0.00363;1.00000;1.00000;97.34838;97.74409;98.90118;98.90109;112.02652;113.81345;113.81344;1.13503;-1.44437;5.80293;-0.07018;-0.97185;-36.72164;-73.08121;1013.67334;1010.33051;0.00000;1004.70203;-36.50000;-73.00000;2549.15259;226.90355;-35.76044;206.52991;-211.79544;3.81309;11.23452;0.38923;0.03465;9.55663;685.79755;633.75848;591.09174;595.96600;6.76423;20.04613;33.96929;30.21223;17.32457;17.49395;0.64276;0.72425;54.23291;-42.53115;2.97650;4.11047;4.01501;2.20726
92.18870;98.57072;0.01085;0.01053;0.00364;1.00000;1.00000;97.68395;98.04685;99.20719;99.20710;112.41269;114.16560;114.16560;1.10727;-1.41949;5.78457;-0.07760;-0.95536;-36.72119;-73.08115;1013.45740;1010.14337;0.00000;1004.51587;-36.50000;-73.00000;2549.97754;227.21523;-35.49069;203.75890;-209.53349;5.03312;11.22274;0.38695;0.03448;9.56859;686.34064;634.85052;591.28015;596.14807;6.59564;19.70413;33.89640;30.19065;17.28855;17.45725;0.64536;0.72430;53.27624;-42.12171;3.03311;4.09775;4.01669;2.20747
93.78065;95.23810;0.01066;0.01067;0.00364;1.00000;1.00000;97.98862;98.31916;99.48238;99.48228;112.76330;114.48229;114.48229;1.08254;-1.39205;5.77430;-0.08284;-0.94171;-36.72073;-73.08109;1013.22266;1009.93622;0.00000;1004.30316;-36.50000;-73.00000;2550.67798;227.47452;-35.02620;201.32591;-207.19618;4.50463;11.21303;0.38492;0.03433;9.57717;686.76099;635.84827;591.46112;596.33557;6.47695;19.36034;33.82773;30.17323;17.25715;17.42629;0.64774;0.72411;52.35593;-41.71649;2.96324;4.08472;4.01719;2.20681
91.87990;84.31703;0.01088;0.01038;0.00358;1.00000;1.00000;98.26303;98.56516;99.73094;99.73083;113.07908;114.76833;114.76833;1.06066;-1.36689;5.77070;-0.08538;-0.92814;-36.72028;-73.08103;1012.97656;1009.71631;0.00000;1004.07343;-36.50000;-73.00000;2551.51807;227.73062;-34.61658;199.14256;-205.56691;4.16677;11.20411;0.38313;0.03420;9.58984;687.19171;636.78827;591.65460;596.55469;6.38152;19.04460;33.77019;30.16026;17.23090;17.40085;0.64996;0.72401;51.59018;-41.38392;2.90321;4.07509;4.01866;2.20681
91.43129;82.32485;0.01094;0.01050;0.00360;1.00000;1.00000;98.51089;98.78493;99.95293;99.95283;113.36432;115.02378;115.02379;1.04085;-1.34619;5.77022;-0.08623;-0.91660;-36.71982;-73.08097;1012.72516;1009.48975;0.00000;1003.83051;-36.50000;-73.00000;2551.96851;227.94287;-34.29848;197.28709;-203.68782;4.10891;11.19565;0.38149;0.03407;9.58714;687.52155;637.54181;591.77789;596.68744;6.27872;18.76929;33.71582;30.14377;17.20574;17.37630;0.65186;0.72394;50.87579;-41.09116;2.87114;4.06609;4.01970;2.20659
91.94080;98.51247;0.01088;0.01045;0.00364;1.00000;1.00000;98.73497;98.98403;100.15402;100.15391;113.62218;115.25520;115.25520;1.02327;-1.32872;5.77087;-0.08538;-0.90592;-36.71936;-73.08092;1012.47168;1009.26007;0.00000;1003.57440;-36.50000;-73.00000;2552.54883;228.15244;-34.03156;195.73668;-202.55037;3.66244;11.18791;0.38004;0.03397;9.59176;687.90009;638.21570;591.90466;596.85095;6.18813;18.52522;33.67247;30.12954;17.18410;17.35602;0.65364;0.72398;50.35929;-40.91866;2.82042;4.06138;4.02280;2.20755
92.32480;98.67772;0.01083;0.01080;0.00367;1.00000;1.00000;98.93510;99.16128;100.33300;100.33289;113.85249;115.46116;115.46116;1.00739;-1.31572;5.77041;-0.08340;-0.89768;-36.71890;-73.08086;1012.22339;1009.03418;0.00000;1003.32446;-36.50000;-73.00000;2552.82642;228.32924;-33.88033;194.34300;-201.25262;3.88203;11.18046;0.37873;0.03387;9.59227;688.19226;638.75470;591.97876;596.93494;6.08377;18.32395;33.63104;30.11334;17.16368;17.33575;0.65517;0.72412;49.86919;-40.75813;2.82515;4.05654;4.02520;2.20834
92.53238;95.14747;0.01081;0.01043;0.00361;1.00000;1.00000;99.11435;99.31934;100.49256;100.49247;114.05876;115.64478;115.64480;0.99328;-1.30193;5.76837;-0.08078;-0.89059;-36.71844;-73.08080;1011.98090;1008.81274;0.00000;1003.07587;-36.50000;-73.00000;2553.04810;228.48051;-33.66727;192.97806;-200.09309;3.49799;11.17403;0.37756;0.03379;9.58925;688.41858;639.25281;592.04169;597.00421;6.00467;18.12967;33.59172;30.10060;17.14560;17.31759;0.65657;0.72414;49.41614;-40.59953;2.79062;4.05201;4.02703;2.20881
92.46812;96.05225;0.01081;0.01078;0.00373;1.00000;1.00000;99.27374;99.45908;100.63362;100.63354;114.24218;115.80711;115.80711;0.98081;-1.29026;5.76459;-0.07785;-0.88432;-36.71798;-73.08074;1011.74652;1008.59808;0.00000;1002.83197;-36.50000;-73.00000;2553.17896;228.61290;-33.51604;191.64824;-198.97697;3.54181;11.16813;0.37652;0.03371;9.58518;688.59119;639.68402;592.09320;597.04968;5.92925;17.96193;33.55568;30.08916;17.12967;17.30101;0.65781;0.72419;48.99320;-40.44321;2.78858;4.04735;4.02821;2.20907
89.59218;96.59969;0.01116;0.01066;0.00365;1.00000;1.00000;99.41477;99.58239;100.75806;100.75797;114.40448;115.95030;115.95030;0.96996;-1.28028;5.75907;-0.07467;-0.87900;-36.71751;-73.08068;1011.52057;1008.39050;0.00000;1002.59906;-36.50000;-73.00000;2553.35474;228.73354;-33.38359;190.59998;-198.14458;3.42306;11.16301;0.37561;0.03365;9.59394;688.76025;640.07220;592.15344;597.09680;5.86277;17.81622;33.52531;30.07996;17.11626;17.28687;0.65892;0.72426;48.64370;-40.31763;2.77937;4.04384;4.02957;2.20948
91.87338;96.25565;0.01088;0.01058;0.00357;1.00000;1.00000;99.54004;99.69209;100.86871;100.86862;114.54864;116.07764;116.07764;0.96032;-1.27194;5.75213;-0.07112;-0.87449;-36.71705;-73.08063;1011.30396;1008.19098;0.00000;1002.37494;-36.50000;-73.00000;2553.51709;228.84416;-33.27967;189.87575;-197.44698;3.35054;11.15832;0.37481;0.03359;9.58514;688.92426;640.41998;592.20764;597.12463;5.80024;17.68944;33.49900;30.07171;17.10437;17.27380;0.65992;0.72438;48.34703;-40.21804;2.77531;4.04120;4.03115;2.21007
93.30416;98.66799;0.01072;0.01062;0.00372;1.00000;1.00000;99.64999;99.78860;100.96606;100.96598;114.67517;116.18967;116.18967;0.95169;-1.26501;5.74427;-0.06735;-0.87089;-36.71659;-73.08057;1011.09949;1008.00201;0.00000;1002.15918;-36.50000;-73.00000;2553.56470;228.93912;-33.21508;188.69226;-196.66141;3.66186;11.15390;0.37409;0.03354;9.58951;689.04303;640.72101;592.22253;597.13776;5.73782;17.58140;33.47372;30.06379;17.09270;17.26195;0.66077;0.72449;48.04761;-40.10553;2.79788;4.03813;4.03208;2.21044
85.99374;79.35878;0.01163;0.01069;0.00367;1.00000;1.00000;99.74728;99.87205;101.05021;101.05014;114.78712;116.28651;116.28650;0.94424;-1.25694;5.73620;-0.06393;-0.86762;-36.71612;-73.08051;1010.90375;1007.82068;0.00000;1001.95026;-36.50000;-73.00000;2553.53491;229.00609;-33.07726;187.95871;-195.88753;3.27935;11.15051;0.37346;0.03349;9.58203;689.09827;640.96191;592.24536;597.14203;5.69807;17.47242;33.44954;30.05676;17.08300;17.25153;0.66150;0.72444;47.76947;-39.99556;2.77102;4.03474;4.03224;2.21024
92.00142;94.95775;0.01087;0.01119;0.00365;1.00000;1.00000;99.83232;99.94483;101.12358;101.12353;114.88499;116.37094;116.37094;0.93788;-1.25098;5.72853;-0.06050;-0.86443;-36.71566;-73.08045;1010.71844;1007.64832;0.00000;1001.75549;-36.50000;-73.00000;2553.58398;229.07491;-33.01231;187.01962;-195.29526;3.46444;11.14738;0.37292;0.03345;9.59464;689.16876;641.18433;592.27179;597.16980;5.65746;17.38633;33.43015;30.05130;17.07490;17.24333;0.66213;0.72447;47.53075;-39.89670;2.78247;4.03197;4.03245;2.21020
88.76689;97.95279;0.01127;0.01076;0.00365;1.00000;1.00000;99.90594;100.00798;101.18720;101.18715;114.96971;116.44415;116.44415;0.93240;-1.24615;5.72132;-0.05705;-0.86189;-36.71519;-73.08039;1010.54315;1007.48456;0.00000;1001.56665;-36.50000;-73.00000;2553.64502;229.13528;-32.95656;186.37779;-194.79480;3.55593;11.14470;0.37246;0.03342;9.58841;689.24127;641.37360;592.30219;597.19476;5.62058;17.31399;33.41423;30.04639;17.06816;17.23633;0.66267;0.72452;47.32994;-39.81606;2.78827;4.02972;4.03274;2.21021
89.81852;77.73632;0.01113;0.01048;0.00357;1.00000;1.00000;99.96901;100.06165;101.24126;101.24120;115.04228;116.50636;116.50636;0.92771;-1.24110;5.71494;-0.05361;-0.85960;-36.71473;-73.08034;1010.37933;1007.33081;0.00000;1001.39331;-36.50000;-73.00000;2553.66479;229.18117;-32.87469;185.78975;-194.32126;3.40223;11.14256;0.37207;0.03339;9.58950;689.28448;641.53046;592.32318;597.21594;5.59527;17.24532;33.39957;30.04215;17.06224;17.23038;0.66314;0.72450;47.14855;-39.74080;2.77566;4.02752;4.03276;2.21004
90.40112;97.56097;0.01106;0.01092;0.00365;1.00000;1.00000;100.02402;100.10732;101.28725;101.28721;115.10560;116.55929;116.55929;0.92370;-1.23647;5.70939;-0.05030;-0.85741;-36.71426;-73.08028;1010.22363;1007.18390;0.00000;1001.22937;-36.50000;-73.00000;2553.62939;229.21576;-32.80766;185.01088;-193.83536;3.46417;11.14072;0.37172;0.03337;9.59310;689.29132;641.65576;592.33319;597.23627;5.57403;17.18538;33.38540;30.03828;17.05690;17.22541;0.66351;0.72444;46.96167;-39.65009;2.77626;4.02480;4.03210;2.20957
87.65827;82.57639;0.01141;0.01062;0.00351;1.00000;1.00000;100.06995;100.14471;101.32486;101.32483;115.15844;116.60257;116.60258;0.92049;-1.23232;5.70480;-0.04725;-0.85532;-36.71379;-73.08022;1010.07764;1007.04535;0.00000;1001.07581;-36.50000;-73.00000;2553.62524;229.24249;-32.73537;184.61215;-193.49483;3.31119;11.13941;0.37144;0.03334;9.58764;689.29865;641.75342;592.35663;597.25909;5.56116;17.13330;33.37440;30.03522;17.05313;17.22158;0.66382;0.72438;46.82028;-39.58292;2.76231;4.02269;4.03160;2.20913
88.85124;95.36524;0.01125;0.01079;0.00356;1.00000;1.00000;100.10828;100.17683;101.35714;101.35712;115.20255;116.63972;116.63974;0.91782;-1.22959;5.70087;-0.04405;-0.85348;-36.71333;-73.08016;1009.94073;1006.91449;0.00000;1000.92780;-36.50000;-73.00000;2553.68628;229.27327;-32.70269;184.36342;-193.22850;3.37819;11.13818;0.37121;0.03333;9.59356;689.33301;641.84729;592.38879;597.28656;5.54598;17.09498;33.36681;30.03302;17.05040;17.21861;0.66409;0.72438;46.71251;-39.53593;2.76442;4.02128;4.03150;2.20897
85.13786;72.30136;0.01175;0.01096;0.00358;1.00000;1.00000;100.14062;100.20241;101.38284;101.38282;115.23977;116.66929;116.66930;0.91561;-1.22659;5.69739;-0.04090;-0.85201;-36.71286;-73.08010;1009.81421;1006.79242;0.00000;1000.79346;-36.50000;-73.00000;2553.66016;229.28912;-32.64859;183.89238;-192.93317;3.28262;11.13729;0.37102;0.03331;9.59080;689.32562;641.91156;592.39819;597.30560;5.53715;17.05880;33.35853;30.03087;17.04756;17.21619;0.66429;0.72432;46.60022;-39.47872;2.75531;4.01947;4.03088;2.20852
90.13957;100.63400;0.01109;0.01055;0.00339;1.00000;1.00000;100.16635;100.22302;101.40352;101.40349;115.26938;116.69308;116.69308;0.91387;-1.22391;5.69448;-0.03787;-0.85049;-36.71239;-73.08005;1009.69659;1006.67810;0.00000;1000.66608;-36.50000;-73.00000;2553.65356;229.30260;-32.60099;183.65825;-192.69832;3.20689;11.13661;0.37087;0.03330;9.58377;689.31982;641.96613;592.41547;597.32086;5.53280;17.02772;33.35200;30.02941;17.04566;17.21421;0.66445;0.72426;46.51126;-39.43353;2.74701;4.01802;4.03038;2.20815
89.89523;90.53871;0.01112;0.01071;0.00351;1.00000;1.00000;100.18787;100.23904;101.41958;101.41956;115.29414;116.71157;116.71157;0.91245;-1.22220;5.69182;-0.03488;-0.84928;-36.71193;-73.07999;1009.58783;1006.57104;0.00000;1000.54950;-36.50000;-73.00000;2553.60010;229.31020;-32.58344;183.21254;-192.47963;3.34410;11.13601;0.37074;0.03329;9.59958;689.29956;641.99701;592.41461;597.33075;5.52488;17.00640;33.34599;30.02762;17.04363;17.21260;0.66456;0.72422;46.42795;-39.38737;2.75461;4.01650;4.02970;2.20774
86.28390;80.04482;0.01159;0.01086;0.00365;1.00000;1.00000;100.20354;100.25182;101.43235;101.43234;115.31219;116.72626;116.72627;0.91144;-1.22006;5.68938;-0.03210;-0.84820;-36.71146;-73.07993;1009.48822;1006.47186;0.00000;1000.43805;-36.50000;-73.00000;2553.60010;229.31606;-32.54252;182.90512;-192.26138;3.28590;11.13572;0.37065;0.03328;9.59205;689.27905;642.03326;592.43323;597.35187;5.52504;16.98560;33.34121;30.02732;17.04275;17.21184;0.66465;0.72414;46.35062;-39.34065;2.74832;4.01499;4.02889;2.20723
89.15079;94.15309;0.01122;0.01109;0.00361;1.00000;1.00000;100.21592;100.25899;101.43947;101.43946;115.32642;116.73446;116.73447;0.91077;-1.21849;5.68726;-0.02950;-0.84714;-36.71100;-73.07987;1009.39679;1006.37939;0.00000;1000.34174;-36.50000;-73.00000;2553.51416;229.31094;-32.50928;182.92915;-192.14864;3.16788;11.13560;0.37058;0.03328;9.58345;689.24011;642.02930;592.43579;597.34283;5.52678;16.96923;33.33702;30.02591;17.04195;17.21059;0.66468;0.72406;46.30489;-39.31321;2.73859;4.01390;4.02823;2.20678
90.25299;91.73470;0.01108;0.00822;0.00449;1.00000;1.00000;100.22561;100.26638;101.44679;101.44677;115.33758;116.74289;116.74288;0.91027;-1.21772;5.68466;-0.02654;-0.84625;-36.71046;-73.07980;1009.29944;1006.27917;0.00000;1000.23474;-36.50000;-73.00000;2553.55518;229.31738;-32.50153;182.80763;-192.09335;3.18583;11.13546;0.37053;0.03327;9.59167;689.24097;642.05170;592.45728;597.36401;5.52528;16.96076;33.33539;30.02603;17.04189;17.21049;0.66473;0.72404;46.27467;-39.29482;2.73977;4.01329;4.02793;2.20658
92.73352;89.38947;0.01078;0.01049;0.00301;1.00000;1.00000;100.23221;100.27084;101.45120;101.45120;115.34517;116.74796;116.74797;0.90986;-1.21689;5.68242;-0.02385;-0.84570;-36.70999;-73.07974;1009.22467;1006.20032;0.00000;1000.14868;-36.50000;-73.00000;2553.50781;229.31602;-32.49392;182.44609;-191.97475;3.32121;11.13532;0.37049;0.03327;9.59416;689.21179;642.05957;592.45215;597.36737;5.52366;16.95360;33.33224;30.02568;17.04112;17.21006;0.66475;0.72400;46.22523;-39.25943;2.74826;4.01221;4.02721;2.20621
94.17056;100.42178;0.01062;0.01031;0.00306;1.00000;1.00000;100.23557;100.27062;101.45087;101.45087;115.34903;116.74759;116.74759;0.90976;-1.21488;5.68043;-0.02183;-0.84512;-36.70953;-73.07969;1009.15680;1006.12701;0.00000;1000.07428;-36.50000;-73.00000;2553.33276;229.29434;-32.44123;182.08344;-191.67982;3.16323;11.13561;0.37047;0.03327;9.59762;689.11682;642.02869;592.43719;597.35760;5.53284;16.94077;33.32690;30.02494;17.04051;17.20973;0.66469;0.72384;46.15125;-39.20576;2.73514;4.01012;4.02558;2.20526
92.12911;92.99730;0.01085;0.01073;0.00348;1.00000;1.00000;100.23671;100.27045;101.45060;101.45059;115.35035;116.74728;116.74728;0.91002;-1.21391;5.67876;-0.01989;-0.84419;-36.70906;-73.07963;1009.09418;1006.05762;0.00000;1000.00861;-36.50000;-73.00000;2553.40747;229.29309;-32.42059;182.08664;-191.76782;3.07352;11.13600;0.37048;0.03327;9.59541;689.10132;642.03497;592.47302;597.38934;5.54269;16.93643;33.32713;30.02655;17.04195;17.21096;0.66468;0.72377;46.14283;-39.18769;2.72746;4.00956;4.02497;2.20487
91.23717;92.70419;0.01096;0.01083;0.00348;1.00000;1.00000;100.23595;100.26542;101.44543;101.44543;115.34947;116.74132;116.74133;0.91025;-1.21445;5.67718;-0.01810;-0.84389;-36.70860;-73.07957;1009.03809;1005.99323;0.00000;999.94794;-36.50000;-73.00000;2553.20972;229.27344;-32.45479;181.80089;-191.56906;3.53685;11.13609;0.37049;0.03327;9.59269;689.02386;641.97845;592.44220;597.35901;5.53843;16.94364;33.32415;30.02476;17.04135;17.21042;0.66457;0.72372;46.09739;-39.15089;2.75907;4.00805;4.02371;2.20426
91.08923;80.31483;0.01098;0.01077;0.00351;1.00000;1.00000;100.23122;100.25855;101.43842;101.43841;115.34402;116.73325;116.73325;0.91097;-1.21293;5.67576;-0.01684;-0.84344;-36.70813;-73.07951;1008.98615;1005.93176;0.00000;999.88989;-36.50000;-73.00000;2553.19189;229.25534;-32.39101;181.90517;-191.56854;3.02944;11.13689;0.37054;0.03327;9.58796;688.97144;641.95264;592.46100;597.37189;5.55726;16.93862;33.32396;30.02628;17.04288;17.21179;0.66449;0.72358;46.09319;-39.13514;2.72304;4.00731;4.02279;2.20365
90.55656;100.28080;0.01104;0.01072;0.00350;1.00000;1.00000;100.22488;100.25166;101.43136;101.43135;115.33673;116.72513;116.72513;0.91171;-1.21393;5.67454;-0.01532;-0.84298;-36.70766;-73.07946;1008.93811;1005.87268;0.00000;999.83954;-36.50000;-73.00000;2553.23389;229.25229;-32.43018;181.89818;-191.67163;3.34396;11.13722;0.37059;0.03328;9.59150;688.96460;641.93530;592.47681;597.38629;5.55944;16.95170;33.32642;30.02749;17.04440;17.21317;0.66441;0.72359;46.11124;-39.13448;2.74483;4.00728;4.02248;2.20354
89.79648;79.96162;0.01114;0.01076;0.00359;1.00000;1.00000;100.21820;100.24479;101.42435;101.42435;115.32905;116.71706;116.71706;0.91240;-1.21482;5.67314;-0.01366;-0.84308;-36.70720;-73.07940;1008.89484;1005.81714;0.00000;999.78961;-36.50000;-73.00000;2553.27148;229.24741;-32.44262;182.15384;-191.77911;3.29167;11.13762;0.37065;0.03328;9.58960;688.96802;641.91528;592.49121;597.38928;5.56233;16.96297;33.32923;30.02838;17.04581;17.21416;0.66435;0.72361;46.14326;-39.14822;2.74323;4.00765;4.02251;2.20355
90.75280;95.41985;0.01102;0.01069;0.00542;1.00000;1.00000;100.20816;100.23522;101.41460;101.41460;115.31750;116.70583;116.70583;0.91316;-1.21471;5.67135;-0.01130;-0.84321;-36.70654;-73.07932;1008.84253;1005.74493;0.00000;999.73004;-36.50000;-73.00000;2553.17871;229.22931;-32.43289;181.96616;-191.67900;3.30257;11.13810;0.37071;0.03328;9.59191;688.91168;641.87921;592.47620;597.37885;5.57029;16.96954;33.32878;30.02901;17.04638;17.21496;0.66424;0.72353;46.12917;-39.12789;2.74353;4.00686;4.02161;2.20310
93.99261;101.36848;0.01064;0.01047;0.00308;1.00000;1.00000;100.20158;100.22823;101.40748;101.40749;115.30993;116.69765;116.69765;0.91375;-1.21470;5.67024;-0.00980;-0.84304;-36.70607;-73.07926;1008.81110;1005.69769;0.00000;999.69299;-36.50000;-73.00000;2553.12769;229.21696;-32.42844;182.07928;-191.68898;3.27494;11.13848;0.37075;0.03329;9.59389;688.87823;641.84851;592.47565;597.37048;5.57750;16.97374;33.32924;30.02935;17.04722;17.21549;0.66416;0.72348;46.13701;-39.12549;2.74100;4.00661;4.02118;2.20285
93.55251;93.71193;0.01069;0.01068;0.00322;1.00000;1.00000;100.19472;100.22119;101.40030;101.40030;115.30202;116.68938;116.68938;0.91434;-1.21487;5.66916;-0.00858;-0.84307;-36.70561;-73.07920;1008.78375;1005.65314;0.00000;999.66144;-36.50000;-73.00000;2553.06250;229.20274;-32.43352;181.82582;-191.66554;3.37883;11.13888;0.37079;0.03329;9.60521;688.83105;641.81445;592.46576;597.37122;5.58181;16.98064;33.32893;30.02965;17.04769;17.21641;0.66407;0.72343;46.12515;-39.10527;2.74798;4.00586;4.02033;2.20243
91.22906;93.52787;0.01096;0.01052;0.00530;1.00000;1.00000;100.18307;100.20811;101.38702;101.38702;115.28863;116.67411;116.67411;0.91546;-1.21368;5.66816;-0.00729;-0.84279;-36.70490;-73.07912;1008.74805;1005.58856;0.00000;999.62225;-36.50000;-73.00000;2552.91528;229.16925;-32.38939;181.79803;-191.53110;3.19652;11.13987;0.37087;0.03329;9.59382;688.72217;641.74658;592.46661;597.36365;5.60111;16.98236;33.32734;30.03039;17.04927;17.21778;0.66390;0.72324;46.09281;-39.06322;2.73270;4.00409;4.01846;2.20136
92.20811;98.41550;0.01085;0.01060;0.00312;1.00000;1.00000;100.17435;100.19893;101.37769;101.37769;115.27859;116.66337;116.66336;0.91636;-1.21395;5.66769;-0.00667;-0.84245;-36.70443;-73.07906;1008.72729;1005.54712;0.00000;999.60083;-36.50000;-73.00000;2552.90137;229.15623;-32.39600;181.94807;-191.55890;3.26286;11.14044;0.37094;0.03330;9.59019;688.68744;641.71082;592.48181;597.36835;5.61003;16.99129;33.32896;30.03141;17.05101;17.21910;0.66379;0.72318;46.10305;-39.05717;2.73643;4.00368;4.01780;2.20099
94.38344;98.89240;0.01060;0.01046;0.00311;1.00000;1.00000;100.16577;100.19140;101.37005;101.37004;115.26871;116.65458;116.65457;0.91721;-1.21462;5.66708;-0.00587;-0.84241;-36.70396;-73.07900;1008.70844;1005.50604;0.00000;999.58148;-36.50000;-73.00000;2552.97266;229.15195;-32.40845;181.99159;-191.67111;3.27772;11.14096;0.37100;0.03330;9.59712;688.68585;641.69623;592.50372;597.39087;5.61576;17.00296;33.33199;30.03313;17.05280;17.22093;0.66372;0.72318;46.12716;-39.06042;2.73838;4.00377;4.01754;2.20087
92.13144;95.45628;0.01085;0.01077;0.00347;1.00000;1.00000;100.15787;100.17536;101.35380;101.35381;115.25962;116.63587;116.63589;0.91744;-1.21380;5.66649;-0.00534;-0.84296;-36.70350;-73.07894;1008.69238;1005.46661;0.00000;999.56189;-36.50000;-73.00000;2552.00659;229.08530;-32.67930;170.23157;-189.76891;9.15505;11.13998;0.37098;0.03330;9.96176;688.12085;641.66364;592.10034;597.52155;5.57366;17.04441;33.29772;30.03507;17.03897;17.22805;0.66319;0.72288;45.41528;-38.46191;3.12458;3.98735;4.00447;2.19559
91.71003;93.16191;0.01090;0.01039;0.00341;1.00000;1.00000;100.11196;100.00440;101.18076;101.18076;115.20679;116.43675;116.43676;0.92675;-1.13747;5.67122;-0.02816;-0.83890;-36.70303;-73.07888;1008.65137;1005.40051;0.00000;999.53839;-36.50000;-73.00000;2543.74805;227.97067;-30.80198;144.98845;-174.78642;9.84237;11.15823;0.37105;0.03325;10.13839;683.39099;640.01581;591.12415;597.21570;5.99478;16.73001;33.07271;30.02333;17.01823;17.23975;0.65943;0.71539;41.66930;-35.51632;3.03047;3.88380;3.91876;2.14883
93.82057;88.75477;0.01066;0.01096;0.00359;1.00000;1.00000;99.93530;99.69475;100.86723;100.86712;115.00349;116.07595;116.07594;0.96127;-1.02662;5.69395;-0.08386;-0.80174;-36.70257;-73.07883;1008.49036;1005.21326;0.00000;999.48083;-36.50000;-73.00000;2541.33740;226.81425;-27.23405;152.99081;-171.10751;-11.68146;11.20449;0.37300;0.03329;9.51631;679.50525;638.27637;592.59589;597.77435;7.11151;16.23885;33.00095;30.08984;17.11300;17.30153;0.65594;0.70571;39.67450;-33.12401;1.37577;3.80428;3.77566;2.10346
94.76727;98.11616;0.01055;0.01056;0.00356;1.00000;1.00000;99.68383;99.53714;100.70735;100.70720;114.71410;115.89195;115.89194;1.01145;-1.09950;5.70954;-0.09520;-0.77072;-36.70210;-73.07877;1008.20483;1004.90033;0.00000;999.30634;-36.50000;-73.00000;2561.42407;228.18469;-29.40014;186.99567;-190.41191;-5.76502;11.22522;0.37714;0.03360;9.34541;684.55652;640.86377;597.89484;601.61334;7.38009;17.11834;33.45536;30.33959;17.34809;17.47220;0.65581;0.71169;43.95742;-35.46850;1.85487;3.87906;3.88290;2.12254
96.76783;101.15314;0.01033;0.01030;0.00355;1.00000;1.00000;99.54576;99.50358;100.67310;100.67308;114.55522;115.85255;115.85254;1.00673;-1.23932;5.69037;-0.04070;-0.79437;-36.70164;-73.07871;1008.00793;1004.67432;0.00000;999.06274;-36.50000;-73.00000;2559.71655;228.60547;-34.40471;158.31622;-185.22960;33.01785;11.19709;0.37714;0.03368;10.19051;685.81982;640.73456;595.94623;601.19421;6.30223;18.13083;33.50173;30.28206;17.27739;17.45946;0.65402;0.71973;43.99787;-35.92370;4.70742;3.89683;3.90557;2.14636
93.37439;98.01039;0.01071;0.01058;0.00359;1.00000;1.00000;99.42332;99.19073;100.35641;100.35637;114.41432;115.48810;115.48809;1.01396;-1.06609;5.67461;-0.04680;-0.80855;-36.70118;-73.07865;1007.89661;1004.53284;0.00000;998.88257;-36.50000;-73.00000;2541.87061;226.26527;-28.68004;120.33434;-166.25360;7.52568;11.23403;0.37688;0.03355;10.58770;677.31702;637.41296;592.84448;599.23511;7.23484;17.15666;33.05309;30.21571;17.18602;17.42793;0.64943;0.70475;38.05779;-30.99612;2.77148;3.74341;3.71231;2.07393
93.57864;96.16309;0.01069;0.01072;0.00369;1.00000;1.00000;99.09634;98.62920;99.78793;99.78769;114.03804;114.83390;114.83389;1.07800;-0.86850;5.70091;-0.12358;-0.74614;-36.70071;-73.07860;1007.64917;1004.25378;0.00000;998.72925;-36.50000;-73.00000;2537.09644;224.49258;-23.45993;117.61655;-156.07643;-10.11548;11.30147;0.38047;0.03367;9.86268;670.05591;635.07715;594.74194;600.34045;9.07186;16.43622;32.89285;30.38152;17.33464;17.54982;0.64320;0.68815;34.42898;-27.00569;1.16845;3.65209;3.57762;1.99020
93.47847;99.74067;0.01070;0.01036;0.00358;1.00000;1.00000;98.58434;98.04410;99.19529;99.19484;113.44884;114.15191;114.15192;1.16262;-0.82850;5.72649;-0.17583;-0.69067;-36.70026;-73.07854;1007.20050;1003.77240;0.00000;998.45282;-36.50000;-73.00000;2545.42920;224.12328;-23.40733;123.44269;-157.30354;7.94845;11.35727;0.38629;0.03401;9.59835;667.50397;634.97040;599.36340;603.29724;10.05408;17.07105;33.04599;30.66964;17.60703;17.75909;0.63738;0.68265;32.10672;-23.35472;2.21285;3.55346;3.48042;1.93537
94.74233;94.25070;0.01055;0.01027;0.00362;1.00000;1.00000;98.03851;97.58865;98.73373;98.73327;112.82070;113.62075;113.62075;1.23563;-0.79353;5.73696;-0.17461;-0.63866;-36.69980;-73.07848;1006.67157;1003.20953;0.00000;998.02228;-36.50000;-73.00000;2560.17334;224.68130;-21.51784;144.12785;-172.94800;-14.50864;11.39469;0.39216;0.03442;9.77020;669.24512;636.64508;603.58862;606.59625;11.15405;17.41880;33.37613;30.97708;17.85597;17.96638;0.63702;0.68126;34.69742;-23.90664;0.68417;3.57738;3.47459;1.92952
93.26578;91.52481;0.01072;0.01041;0.00373;1.00000;1.00000;97.58028;97.19321;98.33301;98.33274;112.29338;113.15961;113.15961;1.27821;-0.93233;5.71824;-0.13212;-0.62357;-36.69934;-73.07842;1006.22491;1002.72784;0.00000;997.53271;-36.50000;-73.00000;2561.48535;224.76831;-26.11000;138.11263;-172.48288;13.33012;11.39611;0.39556;0.03471;9.85580;669.83752;635.21625;603.70728;607.15771;10.72516;18.62255;33.57907;31.00699;17.93012;18.05001;0.63157;0.68707;36.60203;-25.27255;2.79911;3.59749;3.48036;1.93575
93.77721;100.83694;0.01066;0.01040;0.00358;1.00000;1.00000;97.16278;96.77737;97.91182;97.91168;111.81293;112.67492;112.67490;1.31933;-0.98313;5.67366;-0.08967;-0.64683;-36.69889;-73.07837;1005.90363;1002.37030;0.00000;997.10028;-36.50000;-73.00000;2559.49292;224.18942;-26.94042;124.09073;-170.47144;13.50835;11.41665;0.39866;0.03492;10.29568;668.57452;633.48669;603.15521;607.43030;10.76417;19.27594;33.66059;31.04632;17.97353;18.13215;0.62698;0.68766;36.85839;-25.12246;2.98077;3.53026;3.45859;1.92607
94.96580;99.96003;0.01053;0.01042;0.00362;1.00000;1.00000;96.72493;96.28196;97.41026;97.41016;111.30907;112.09773;112.09772;1.36306;-0.92541;5.63948;-0.08132;-0.65138;-36.69845;-73.07832;1005.66608;1002.09552;0.00000;996.78064;-36.50000;-73.00000;2552.71533;223.04564;-24.82654;126.37556;-168.16275;2.95206;11.44481;0.40170;0.03510;10.05666;664.49951;631.03796;602.62347;606.40533;11.44897;19.23966;33.58929;31.08508;18.03098;18.17402;0.62272;0.68076;36.12344;-23.93828;2.18587;3.53072;3.40473;1.89230
95.07120;99.80041;0.01052;0.01066;0.00368;1.00000;1.00000;96.23826;95.74213;96.86378;96.86368;110.74902;111.46886;111.46886;1.42065;-0.89577;5.62173;-0.08486;-0.63828;-36.69800;-73.07825;1005.43427;1001.84296;0.00000;996.52051;-36.50000;-73.00000;2549.26074;222.16434;-24.27937;118.13040;-163.19994;7.86663;11.47466;0.40569;0.03536;9.98012;660.93463;628.99487;602.91473;606.68518;12.07152;19.52427;33.59840;31.18299;18.13750;18.28109;0.61792;0.67574;34.83449;-22.23555;2.41689;3.46590;3.34346;1.85658
94.65656;95.72126;0.01056;0.01045;0.00367;1.00000;1.00000;95.70532;95.21941;96.33458;96.33447;110.13572;110.85986;110.85986;1.48768;-0.87573;5.61177;-0.08934;-0.62334;-36.69756;-73.07820;1005.18188;1001.57458;0.00000;996.27930;-36.50000;-73.00000;2553.01611;221.92291;-23.23676;130.72150;-170.02800;-0.18744;11.50407;0.41077;0.03571;9.78261;659.80920;628.21954;604.81287;607.74200;12.82544;19.89300;33.77097;31.35766;18.31542;18.42371;0.61556;0.67305;35.54731;-21.65315;1.81567;3.44750;3.30910;1.83533
95.49920;100.40160;0.01047;0.01044;0.00365;1.00000;1.00000;95.20025;94.80028;95.91021;95.91015;109.55450;110.37151;110.37151;1.54197;-0.93958;5.60272;-0.06798;-0.61227;-36.69711;-73.07815;1004.95239;1001.38348;0.00000;996.03320;-36.50000;-73.00000;2558.25293;222.21822;-24.56023;141.81389;-178.72220;-0.22356;11.51235;0.41526;0.03607;9.82177;661.04333;627.76886;605.93396;608.72382;13.05757;20.59690;34.03964;31.47568;18.44884;18.54389;0.61332;0.67635;38.35738;-23.23201;1.89328;3.48903;3.32076;1.84291
94.51872;96.15385;0.01058;0.01029;0.00361;1.00000;1.00000;94.77547;94.45843;95.56416;95.56416;109.06567;109.97327;109.97328;1.58122;-1.07720;5.58095;-0.02466;-0.63387;-36.69667;-73.07809;1004.81653;1001.28644;0.00000;995.81659;-36.50000;-73.00000;2560.48291;222.42810;-27.90783;145.70262;-183.89333;11.50312;11.51151;0.41863;0.03637;9.92333;662.69037;626.59351;605.89990;608.95801;12.68456;21.63208;34.29205;31.49401;18.51687;18.61993;0.60887;0.68459;40.90356;-25.00196;2.89558;3.48792;3.34408;1.86181
95.48659;97.62765;0.01047;0.01043;0.00360;1.00000;1.00000;94.41880;94.12688;95.22873;95.22872;108.65522;109.58727;109.58727;1.60751;-1.15344;5.55620;0.01724;-0.67285;-36.69623;-73.07804;1004.80792;1001.31488;0.00000;995.69275;-36.50000;-73.00000;2555.48340;222.02031;-29.67048;128.25645;-180.42332;21.58059;11.51013;0.42076;0.03656;10.58535;661.57751;624.65631;604.00720;608.44727;12.41340;22.26260;34.32923;31.45882;18.49485;18.66351;0.60440;0.68757;41.85122;-25.95732;3.69635;3.49457;3.40116;1.86284
93.82082;96.95560;0.01066;0.01071;0.00366;1.00000;1.00000;94.04767;93.65545;94.75184;94.75183;108.22813;109.03848;109.03846;1.63650;-1.07542;5.55211;0.00353;-0.69526;-36.69580;-73.07799;1004.85254;1001.39539;0.00000;995.67230;-36.50000;-73.00000;2539.66187;220.09825;-27.15388;109.31448;-162.59210;13.45474;11.53876;0.42238;0.03661;10.71109;655.26819;620.63947;601.18604;606.22968;12.92842;21.96792;34.08014;31.38152;18.45141;18.66059;0.60039;0.67791;38.42575;-23.33224;3.00145;3.39170;3.26391;1.78008
94.58823;90.47318;0.01057;0.01055;0.00365;1.00000;1.00000;93.57571;93.07955;94.16910;94.16907;107.68501;108.36787;108.36787;1.71207;-0.95088;5.58214;-0.05256;-0.67324;-36.69536;-73.07793;1004.78534;1001.36243;0.00000;995.68579;-36.50000;-73.00000;2538.88965;219.23865;-23.71060;116.52316;-162.84692;1.02144;11.58048;0.42749;0.03691;9.92517;650.96991;618.93951;603.09705;607.26434;14.21408;21.75808;34.10346;31.57872;18.65443;18.83066;0.59949;0.66773;36.86764;-20.88828;1.85380;3.35454;3.18117;1.72634
94.44650;97.51341;0.01059;0.01033;0.00360;1.00000;1.00000;93.04055;92.58502;93.66853;93.66843;107.06915;107.79182;107.79182;1.79640;-0.92984;5.62149;-0.07876;-0.63760;-36.69493;-73.07788;1004.59229;1001.20203;0.00000;995.60553;-36.50000;-73.00000;2550.13623;219.79263;-22.97701;133.22934;-175.60231;-3.89248;11.60246;0.43398;0.03740;9.78732;651.58063;619.68884;606.78375;609.98346;15.12789;22.21451;34.43037;31.88042;18.93888;19.06578;0.59950;0.66733;38.22292;-20.46175;1.39417;3.35322;3.15548;1.71036
93.47953;99.62144;0.01070;0.01032;0.00361;1.00000;1.00000;92.55788;92.21214;93.29102;93.29099;106.51372;107.35739;107.35740;1.85879;-1.04577;5.64128;-0.05388;-0.62720;-36.69450;-73.07783;1004.39825;1001.03973;0.00000;995.43597;-36.50000;-73.00000;2560.60181;223.28880;-26.32276;144.93906;-188.66528;2.85227;11.46767;0.43930;0.03831;9.75235;654.54181;620.11688;608.85742;611.87714;15.14674;23.24159;34.83414;32.05296;19.12900;19.23719;0.59713;0.67655;41.40786;-22.15023;2.06399;3.36958;3.17842;1.72820
94.83905;86.46779;0.01054;0.01037;0.00369;1.00000;1.00000;92.16797;91.89682;92.97191;92.97191;106.06501;106.99017;106.99017;1.89406;-1.20019;5.62936;0.00280;-0.66127;-36.69407;-73.07778;1004.32526;1000.99719;0.00000;995.26971;-36.50000;-73.00000;2561.26636;223.62219;-30.02836;147.33141;-192.39090;16.79386;11.45354;0.44243;0.03863;9.85809;656.08197;618.92297;608.20190;611.68927;14.63343;24.29143;35.06771;32.05099;19.17343;19.30019;0.59224;0.68695;44.59798;-24.81172;3.26682;3.43759;3.27023;1.75192
94.95924;97.89526;0.01053;0.01086;0.00374;1.00000;1.00000;91.83251;91.55200;92.62314;92.62312;105.67897;106.58881;106.58881;1.91085;-1.22665;5.60757;0.03416;-0.70646;-36.69365;-73.07773;1004.38885;1001.08990;0.00000;995.21014;-36.50000;-73.00000;2549.09058;222.56482;-30.43320;128.09778;-179.73575;24.47999;11.45325;0.44365;0.03874;10.22460;652.61493;616.16241;605.09216;609.36560;14.44037;24.55830;34.92025;31.95785;19.09606;19.27189;0.58747;0.68621;43.03688;-23.92096;3.85207;3.39155;3.23801;1.73753
94.23981;87.10802;0.01061;0.01043;0.00355;1.00000;1.00000;91.45983;91.07355;92.13918;92.13918;105.25010;106.03188;106.03188;1.95312;-1.09664;5.61136;0.01074;-0.71060;-36.69322;-73.07767;1004.46094;1001.18964;0.00000;995.24994;-36.50000;-73.00000;2537.26050;220.92828;-26.61100;108.03083;-166.07864;7.76199;11.48454;0.44624;0.03886;10.74243;646.66302;613.12152;603.26050;608.28705;15.33465;24.04436;34.71886;31.98216;19.11191;19.33450;0.58619;0.67413;39.87263;-21.21426;2.50974;3.28897;3.10307;1.68781
94.89153;97.15340;0.01054;0.01027;0.00351;1.00000;1.00000;90.96576;90.42644;91.48441;91.48437;104.68153;105.27838;105.27840;2.04152;-0.98170;5.64162;-0.06094;-0.68195;-36.69280;-73.07762;1004.39758;1001.15271;0.00000;995.28528;-36.50000;-73.00000;2532.80029;219.79935;-23.93560;103.41502;-159.11110;3.33983;11.52324;0.45186;0.03921;9.95909;640.98450;610.26141;604.56543;609.26270;16.49439;23.94270;34.72035;32.17529;19.33002;19.54302;0.58490;0.66402;37.45466;-18.38738;1.94156;3.21674;3.00453;1.62307
93.22083;94.57159;0.01073;0.01041;0.00363;1.00000;1.00000;90.35941;89.82904;90.87970;90.87953;103.98376;104.58250;104.58250;2.15295;-0.92660;5.67677;-0.11225;-0.64172;-36.69238;-73.07757;1004.15070;1000.93079;0.00000;995.20135;-36.50000;-73.00000;2545.47876;220.46625;-22.42861;124.27584;-173.14574;-1.81278;11.54589;0.46018;0.03986;9.61510;640.75580;611.11279;609.39893;612.41724;17.66425;24.38370;35.09212;32.59386;19.72906;19.85791;0.58746;0.66303;37.83765;-16.75380;1.40551;3.18576;2.95527;1.59177
92.76075;84.37395;0.01078;0.01030;0.00359;1.00000;1.00000;89.79335;89.39381;90.43900;90.43886;103.33234;104.07534;104.07533;2.23435;-1.01263;5.69338;-0.09389;-0.61381;-36.69197;-73.07752;1003.86188;1000.66577;0.00000;994.98102;-36.50000;-73.00000;2557.47290;221.66629;-24.22084;132.36525;-178.38248;-3.23805;11.53749;0.46686;0.04046;10.17989;643.88702;612.20496;611.92377;615.08942;18.00921;25.28183;35.56535;32.86909;19.98657;20.10717;0.58735;0.67212;41.08061;-18.91887;1.43988;3.21075;2.97910;1.60876
92.69082;88.97589;0.01079;0.01045;0.00364;1.00000;1.00000;89.32248;88.95404;89.99385;89.99380;102.79047;103.56308;103.56306;2.29359;-1.19518;5.67444;-0.04345;-0.63854;-36.69155;-73.07747;1003.68121;1000.50781;0.00000;994.72852;-36.50000;-73.00000;2557.60156;221.95972;-29.14810;127.67991;-187.12578;27.07640;11.52282;0.47151;0.04092;9.96808;643.96252;610.37952;611.77893;615.12921;17.41896;26.62346;35.80809;32.92024;20.10379;20.23217;0.57866;0.68535;42.83461;-19.63519;3.77120;3.23104;3.02571;1.61367
94.26437;97.64671;0.01061;0.01064;0.00362;1.00000;1.00000;88.86758;88.51168;89.54623;89.54623;102.26699;103.04796;103.04796;2.34183;-1.18912;5.64672;-0.01314;-0.66992;-36.69114;-73.07742;1003.61151;1000.45941;0.00000;994.55853;-36.50000;-73.00000;2552.41187;221.37248;-27.74007;131.55063;-185.14845;10.48363;11.52994;0.47527;0.04122;9.86906;642.07892;608.35883;610.69940;614.03766;17.77081;26.77167;35.86486;32.96136;20.16503;20.30537;0.57766;0.68440;43.47996;-20.02947;2.70280;3.23239;3.01154;1.60286
91.23457;84.57375;0.01096;0.01076;0.00372;1.00000;1.00000;88.42902;88.07099;89.10037;89.10037;101.76230;102.53488;102.53488;2.39170;-1.16675;5.63719;0.00309;-0.67327;-36.69073;-73.07736;1003.60406;1000.47223;0.00000;994.47607;-36.50000;-73.00000;2547.01685;220.88377;-27.16864;118.76386;-180.94194;12.47732;11.53103;0.47902;0.04154;10.21809;639.33716;606.71332;609.51880;613.41724;18.14774;26.90637;35.86637;33.03701;20.22892;20.39801;0.57655;0.68250;42.73167;-19.15827;2.76187;3.19810;2.97878;1.58399
92.69370;96.11687;0.01079;0.01033;0.00360;1.00000;1.00000;87.96609;87.57085;88.59438;88.59439;101.22957;101.95260;101.95261;2.46061;-1.15526;5.63886;-0.00989;-0.67289;-36.69032;-73.07732;1003.59662;1000.48376;0.00000;994.45837;-36.50000;-73.00000;2544.78345;220.47226;-26.54741;121.11501;-190.29434;8.77593;11.54242;0.48409;0.04194;10.16656;636.88275;604.59991;609.78137;613.36664;18.64032;27.15196;35.97881;33.15285;20.38886;20.54460;0.57547;0.68119;42.49986;-17.74046;2.45322;3.16439;2.88124;1.55977
93.19559;98.61933;0.01073;0.01042;0.00370;1.00000;1.00000;87.46831;87.03743;88.05465;88.05463;100.65673;101.33148;101.33148;2.53846;-1.13979;5.64863;-0.03944;-0.66876;-36.68991;-73.07726;1003.53528;1000.44019;0.00000;994.43646;-36.50000;-73.00000;2541.82349;220.12849;-26.15313;115.80280;-178.07698;11.90062;11.54700;0.48947;0.04239;9.96033;634.05200;602.72729;610.22015;613.78937;19.14392;27.47587;36.09130;33.31752;20.57286;20.73342;0.57419;0.68039;41.22496;-16.66696;2.58611;3.10539;2.83281;1.52854
94.85726;99.63136;0.01054;0.01035;0.00356;1.00000;1.00000;86.93343;86.47303;87.48348;87.48343;100.04121;100.67420;100.67419;2.62907;-1.11168;5.66534;-0.06289;-0.65754;-36.68951;-73.07722;1003.40338;1000.32507;0.00000;994.36725;-36.50000;-73.00000;2542.06812;220.06001;-25.39194;109.32384;-174.89084;11.59675;11.55170;0.49593;0.04293;10.04443;631.64594;601.35474;611.28998;615.00531;19.81132;27.80430;36.26975;33.55330;20.81012;20.98138;0.57444;0.68012;40.42108;-15.40455;2.47533;3.05558;2.78384;1.49694
94.77223;98.59017;0.01055;0.01009;0.00355;1.00000;1.00000;86.36662;85.91579;86.91949;86.91941;99.38894;100.02517;100.02516;2.72882;-1.10112;5.68422;-0.07767;-0.64136;-36.68911;-73.07716;1003.21606;1000.15326;0.00000;994.23846;-36.50000;-73.00000;2547.31372;220.53406;-24.65689;122.05821;-182.93486;3.72629;11.55066;0.50342;0.04358;9.72665;631.07037;600.72034;613.51410;616.54083;20.55673;28.21329;36.59698;33.84018;21.11874;21.24916;0.57661;0.68226;41.50012;-15.23097;1.86940;3.05541;2.75662;1.47921
94.20245;97.97198;0.01062;0.01040;0.00364;1.00000;1.00000;85.82613;85.46532;86.46353;86.46349;98.76695;99.50047;99.50047;2.81475;-1.18838;5.69186;-0.05449;-0.63487;-36.68871;-73.07712;1003.03821;999.98987;0.00000;994.06274;-36.50000;-73.00000;2555.81274;221.70935;-26.37541;134.36523;-194.72223;6.43132;11.52776;0.51043;0.04428;9.70192;633.00848;601.08807;615.40350;618.13745;20.80244;29.04905;37.02836;34.09512;21.39018;21.49259;0.57628;0.69300;44.62965;-16.98075;2.13694;3.12512;2.82231;1.48987
94.06989;91.34923;0.01063;0.01044;0.00362;1.00000;1.00000;85.36892;85.07291;86.06645;86.06646;98.24080;99.04351;99.04352;2.86160;-1.31743;5.67839;-0.00284;-0.65841;-36.68832;-73.07706;1002.97070;999.93561;0.00000;993.90851;-36.50000;-73.00000;2551.86401;221.86932;-29.60856;121.89111;-191.86894;28.63124;11.50165;0.51436;0.04472;10.25382;632.37415;599.67401;613.83649;617.08630;20.37838;29.93880;37.14972;34.12395;21.43701;21.56966;0.56937;0.70440;44.88712;-17.11504;3.83714;3.13109;2.81919;1.49669
93.76572;99.78048;0.01066;0.01057;0.00364;1.00000;1.00000;84.93100;84.56911;85.55678;85.55678;97.73685;98.45699;98.45699;2.92208;-1.26643;5.66743;0.00266;-0.68212;-36.68792;-73.07702;1002.98071;999.95789;0.00000;993.83929;-36.50000;-73.00000;2541.94141;220.87697;-27.61231;105.14259;-182.39183;18.47677;11.50840;0.51848;0.04505;10.43984;627.82251;596.83557;612.07990;616.00787;20.78468;29.94431;37.07317;34.19210;21.49869;21.69267;0.56887;0.70016;42.74308;-15.24425;3.15181;3.05135;2.76124;1.42514
95.60207;97.43740;0.01046;0.01054;0.00355;1.00000;1.00000;84.40810;83.91483;84.89481;84.89478;97.13511;97.69521;97.69521;3.01600;-1.12300;5.68831;-0.04781;-0.66452;-36.68753;-73.07697;1002.93689;999.92529;0.00000;993.82404;-36.50000;-73.00000;2531.65625;219.68616;-24.17917;94.78368;-168.11325;8.34716;11.52397;0.52447;0.04551;10.16642;621.51672;593.30670;611.58588;615.53784;21.81796;29.58599;37.02380;34.36570;21.69899;21.90523;0.57278;0.68876;39.47225;-12.37193;2.17953;2.92788;2.62549;1.36678
95.75922;95.52924;0.01044;0.01013;0.00357;1.00000;1.00000;83.76848;83.22298;84.19463;84.19447;96.39905;96.88945;96.88945;3.15623;-1.05984;5.72535;-0.10698;-0.62622;-36.68714;-73.07692;1002.73578;999.73431;0.00000;993.75299;-36.50000;-73.00000;2537.45923;220.33510;-22.84648;94.85177;-175.62030;4.90593;11.51636;0.53445;0.04641;10.14143;619.35767;592.37299;614.59204;618.32666;22.90040;29.90740;37.40243;34.80710;22.14935;22.33578;0.57913;0.68902;39.18659;-10.76140;1.75445;2.87808;2.56697;1.32723
93.85756;93.10986;0.01065;0.01047;0.00364;1.00000;1.00000;83.08588;82.55638;83.51987;83.51962;95.61353;96.11295;96.11295;3.29248;-1.09542;5.74878;-0.13891;-0.60409;-36.68676;-73.07687;1002.42346;999.43115;0.00000;993.55579;-36.50000;-73.00000;2543.96729;221.38022;-23.75873;99.54152;-181.68286;11.61167;11.49139;0.54450;0.04738;10.41071;618.74603;591.74713;617.25269;620.47858;23.49310;30.68894;37.86066;35.21622;22.58448;22.73605;0.58126;0.69852;39.76725;-10.14332;2.21784;2.86406;2.53088;1.27821
95.88719;100.64412;0.01043;0.01041;0.00352;1.00000;1.00000;82.40873;81.90874;82.86424;82.86401;94.83427;95.35847;95.35848;3.41903;-1.13139;5.75364;-0.14042;-0.59661;-36.68637;-73.07683;1002.07544;999.09113;0.00000;993.25739;-36.50000;-73.00000;2547.79712;222.29088;-24.18398;110.06699;-184.43826;11.57880;11.46155;0.55398;0.04833;9.63041;618.08051;590.86139;619.13837;621.57288;24.01349;31.37840;38.27545;35.56929;22.97550;23.07871;0.58336;0.70715;40.54458;-10.04274;2.24349;2.86291;2.50388;1.26245
96.06372;101.24532;0.01041;0.01053;0.00372;1.00000;1.00000;81.76678;81.35011;82.29872;82.29858;94.09553;94.70768;94.70768;3.53221;-1.19591;5.74533;-0.10551;-0.59366;-36.68599;-73.07677;1001.76703;998.78979;0.00000;992.92712;-36.50000;-73.00000;2553.99731;223.64540;-25.00600;116.23739;-187.31186;6.63331;11.41985;0.56298;0.04930;10.03431;619.25140;590.94659;620.46289;623.00446;24.43423;32.10412;38.74967;35.90471;23.31292;23.41192;0.58573;0.71908;43.20530;-11.91923;2.01083;2.92603;2.55847;1.26742
95.24966;95.69378;0.01050;0.01045;0.00362;1.00000;1.00000;81.18399;80.77479;81.71645;81.71641;93.42487;94.03761;94.03761;3.62103;-1.30051;5.72312;-0.06058;-0.61265;-36.68561;-73.07673;1001.57532;998.60425;0.00000;992.64490;-36.50000;-73.00000;2548.30591;223.82764;-27.52298;100.91476;-190.02333;26.74527;11.38513;0.56976;0.05004;10.49895;616.82312;588.64716;619.05750;622.00269;24.25648;32.93486;38.90568;36.03957;23.47683;23.60602;0.57971;0.73158;42.65718;-10.78141;3.53886;2.89569;2.52666;1.25553
94.86499;100.39153;0.01054;0.01034;0.00359;1.00000;1.00000;80.57178;80.09336;81.02691;81.02685;92.72035;93.24411;93.24410;3.73591;-1.24724;5.70889;-0.06737;-0.62831;-36.68524;-73.07668;1001.43054;998.46466;0.00000;992.43927;-36.50000;-73.00000;2540.80884;223.49683;-25.67842;100.48859;-184.29752;17.77212;11.36843;0.57779;0.05082;9.74136;612.56097;585.51654;618.60425;621.29950;24.89454;33.03863;39.04346;36.26258;23.74501;23.88254;0.58387;0.73061;41.37868;-9.42198;2.84946;2.83028;2.47067;1.21670
95.15273;96.48785;0.01051;0.01027;0.00359;1.00000;1.00000;79.90523;79.44594;80.37173;80.37165;91.95330;92.49014;92.49014;3.86978;-1.17572;5.72051;-0.08073;-0.60896;-36.68486;-73.07664;1001.24921;998.28754;0.00000;992.27789;-36.50000;-73.00000;2544.15942;224.43768;-23.53903;102.08308;-194.25311;1.76121;11.33571;0.58802;0.05187;10.23195;611.33118;584.83563;619.83533;622.70178;25.89993;33.14654;39.43125;36.66773;24.14288;24.28240;0.59444;0.73129;42.19353;-8.99207;1.59333;2.83647;2.39705;1.19737
93.40616;94.30404;0.01071;0.01042;0.00362;1.00000;1.00000;79.24578;78.75974;79.67730;79.67720;91.19442;91.69100;91.69100;4.00188;-1.23792;5.73237;-0.09030;-0.60137;-36.68449;-73.07659;1001.05389;998.09552;0.00000;992.09631;-36.50000;-73.00000;2540.26074;225.04428;-25.44768;92.27409;-186.66341;23.44884;11.28783;0.59739;0.05292;9.98903;608.26428;582.54968;619.97314;622.78888;26.07291;33.90384;39.70972;36.96992;24.49648;24.62943;0.59317;0.74327;40.96150;-7.74815;3.06324;2.77545;2.39656;1.16908
93.55450;98.11616;0.01069;0.01044;0.00361;1.00000;1.00000;78.53973;78.03734;78.94621;78.94606;90.38190;90.84969;90.84969;4.15233;-1.22424;5.74180;-0.11361;-0.60020;-36.68413;-73.07655;1000.81500;997.85901;0.00000;991.89630;-36.50000;-73.00000;2539.50366;225.79120;-24.34824;105.06744;-186.35895;11.68200;11.24713;0.60832;0.05409;9.36062;606.21301;580.40814;621.14435;623.21765;26.78958;34.25561;40.13079;37.34098;24.94738;25.03969;0.60066;0.74951;41.19231;-7.47205;2.20866;2.75908;2.31344;1.14364
94.57751;95.21089;0.01057;0.01035;0.00354;1.00000;1.00000;77.83658;77.42878;78.33026;78.33015;89.57274;90.14086;90.14086;4.30665;-1.26078;5.75276;-0.10012;-0.58832;-36.68377;-73.07650;1000.55243;997.59802;0.00000;991.65570;-36.50000;-73.00000;2551.09912;228.16588;-24.44074;121.32018;-206.15192;2.26429;11.18090;0.62075;0.05552;9.21825;608.21558;581.36060;623.86133;625.51331;27.51306;34.92059;40.81222;37.86471;25.48995;25.53059;0.60998;0.76390;44.60030;-8.94860;1.52947;2.85060;2.36398;1.14794
92.70624;82.76091;0.01079;0.01031;0.00357;1.00000;1.00000;77.22231;76.93965;77.83527;77.83526;88.86585;89.57123;89.57123;4.40594;-1.45903;5.74402;-0.03025;-0.60147;-36.68341;-73.07645;1000.39819;997.44440;0.00000;991.42249;-36.50000;-73.00000;2553.74756;229.80013;-28.39063;131.80846;-213.40805;16.57722;11.11291;0.62932;0.05663;9.24656;610.09521;581.01788;623.68689;624.92834;27.24861;36.03336;41.29290;38.06858;25.76745;25.75294;0.60416;0.78817;47.40581;-10.89514;2.71775;2.94797;2.39120;1.17342
94.60654;99.62144;0.01057;0.01041;0.00355;1.00000;1.00000;76.70866;76.51984;77.41060;77.41057;88.27476;89.08253;89.08253;4.47622;-1.65165;5.71349;0.04737;-0.64824;-36.68305;-73.07641;1000.41956;997.46564;0.00000;991.28699;-36.50000;-73.00000;2551.17969;230.68042;-31.91793;134.22601;-217.79596;29.00007;11.05937;0.63560;0.05747;9.35071;610.82526;579.80280;622.07800;623.32257;26.78337;37.00290;41.58226;38.13097;25.88703;25.87778;0.59536;0.81063;49.19714;-12.16060;3.84611;3.01456;2.41201;1.19643
91.83876;86.47527;0.01089;0.01033;0.00361;1.00000;1.00000;76.25591;76.04621;76.93163;76.93154;87.75373;88.53135;88.53133;4.53960;-1.70152;5.69419;0.08504;-0.69499;-36.68269;-73.07636;1000.58649;997.63165;0.00000;991.30511;-36.50000;-73.00000;2538.23364;230.12454;-32.40202;115.35553;-206.67340;33.62369;11.02983;0.64028;0.05805;9.62161;607.01471;576.69098;618.83942;620.93384;26.60565;37.32471;41.52455;38.12906;25.90021;25.97924;0.59052;0.81711;47.32124;-10.89359;4.30298;2.94646;2.37827;1.15288
94.21069;101.70870;0.01061;0.01024;0.00353;1.00000;1.00000;75.75388;75.44860;76.32725;76.32721;87.17602;87.83583;87.83582;4.65138;-1.57797;5.71438;0.04791;-0.71095;-36.68234;-73.07632;1000.74854;997.79193;0.00000;991.44250;-36.50000;-73.00000;2527.91699;229.65967;-29.40399;101.97973;-197.99278;24.44522;11.00723;0.64782;0.05885;9.67350;601.74890;573.41388;617.54138;620.23645;27.32024;37.03188;41.55638;38.34729;26.13260;26.28785;0.59963;0.81001;44.95112;-8.87749;3.44145;2.84717;2.31390;1.10416
93.47462;85.30967;0.01070;0.01033;0.00357;1.00000;1.00000;75.15997;74.81268;75.68396;75.68396;86.49255;87.09554;87.09555;4.81366;-1.41636;5.77624;-0.02186;-0.68185;-36.68200;-73.07628;1000.77338;997.81427;0.00000;991.57056;-36.50000;-73.00000;2530.49316;230.84604;-25.23205;115.85269;-204.52567;-1.71124;10.96182;0.65955;0.06017;9.04999;599.63666;572.25128;619.64069;621.90167;28.63176;36.73172;42.00548;38.85127;26.68479;26.80257;0.62041;0.80434;45.47085;-8.56965;1.24206;2.84050;2.27331;1.09505
92.94997;78.94529;0.01076;0.01059;0.00360;1.00000;1.00000;74.54960;74.29576;75.16092;75.16090;85.79015;86.49364;86.49364;4.96245;-1.49647;5.83785;-0.03878;-0.64772;-36.68165;-73.07623;1000.69293;997.73059;0.00000;991.59290;-36.50000;-73.00000;2540.57959;233.41809;-26.77202;134.04289;-218.36163;0.33207;10.88424;0.67142;0.06169;8.86242;601.75848;573.06274;622.19019;623.70093;29.10995;37.45052;42.70545;39.33445;27.25010;27.25533;0.62803;0.82334;48.30027;-10.03446;1.29506;2.93367;2.28581;1.10503
93.68130;85.09190;0.01067;0.01043;0.00365;1.00000;1.00000;74.02661;73.91323;74.77390;74.77390;85.18831;86.04827;86.04826;5.06212;-1.78280;5.85024;0.00910;-0.66555;-36.68130;-73.07619;1000.65106;997.68463;0.00000;991.54199;-36.50000;-73.00000;2547.14185;235.75659;-32.62029;144.21185;-229.03778;23.64922;10.80412;0.68014;0.06295;8.91305;605.01355;573.57251;622.82037;623.78235;28.55836;38.87921;43.30183;39.57309;27.58069;27.51118;0.61692;0.85978;51.22390;-11.91458;3.24210;3.04829;2.32413;1.14080
88.17545;96.03380;0.01134;0.01044;0.00356;1.00000;1.00000;73.60139;73.51971;74.37589;74.37585;84.69897;85.59025;85.59025;5.12563;-1.96388;5.82539;0.06017;-0.72601;-36.68096;-73.07615;1000.73889;997.76782;0.00000;991.52936;-36.50000;-73.00000;2538.57031;236.01714;-36.34962;126.45052;-219.63939;47.25901;10.75587;0.68513;0.06370;9.21722;603.30133;571.47736;620.26251;621.75171;27.91847;39.75449;43.38237;39.59439;27.61886;27.62769;0.60426;0.88205;49.98464;-11.16979;5.22639;3.00626;2.31005;1.12249
92.95367;99.45301;0.01076;0.01052;0.00348;1.00000;1.00000;73.17354;73.05875;73.90971;73.90967;84.20660;85.05377;85.05377;5.22594;-1.83569;5.82457;0.05942;-0.75747;-36.68062;-73.07610;1000.87286;997.89630;0.00000;991.60754;-36.50000;-73.00000;2534.32202;236.17143;-32.52950;128.08905;-220.81508;21.39765;10.73086;0.69264;0.06455;8.95482;600.82745;569.78143;619.69513;621.48059;28.70817;39.39047;43.54443;39.84011;27.85516;27.93322;0.61793;0.87471;49.88762;-10.83708;3.29413;2.99459;2.28354;1.08947
93.23556;99.13750;0.01073;0.01025;0.00352;1.00000;1.00000;72.72466;72.63474;73.48088;73.48085;83.69005;84.56029;84.56030;5.33321;-1.72969;5.86734;0.05855;-0.73650;-36.68029;-73.07606;1000.99738;998.01465;0.00000;991.72766;-36.50000;-73.00000;2535.92041;237.29581;-29.66712;137.41354;-228.07329;0.76568;10.68675;0.70119;0.06561;8.78832;600.25781;569.55151;620.18268;621.94269;29.58037;39.15618;43.87140;40.16842;28.20039;28.24814;0.63395;0.87078;51.17497;-11.43978;1.56826;3.03947;2.28131;1.10487
94.91476;86.10297;0.01054;0.01036;0.00350;1.00000;1.00000;72.30352;72.27004;73.11210;73.11203;83.20541;84.13590;84.13590;5.42079;-1.86048;5.90403;0.07671;-0.72862;-36.67995;-73.07602;1001.14087;998.15131;0.00000;991.85095;-36.50000;-73.00000;2536.24219;238.69339;-33.01097;130.39232;-234.08752;23.26852;10.62552;0.70838;0.06667;9.28752;600.42371;569.13837;619.71411;621.72333;29.42168;39.86794;44.19026;40.36927;28.44404;28.47521;0.63022;0.89075;51.86803;-11.53717;3.18677;3.06633;2.28435;1.08861
95.98634;101.90563;0.01042;0.01016;0.00353;1.00000;1.00000;71.89470;71.80740;72.64423;72.64418;82.73495;83.59748;83.59747;5.51375;-1.94919;5.91726;0.05474;-0.75557;-36.67962;-73.07597;1001.29474;998.29755;0.00000;991.99701;-36.50000;-73.00000;2525.33618;238.69824;-35.02917;114.56099;-220.07162;42.91581;10.57962;0.71445;0.06753;9.30438;596.43811;566.03986;617.99762;620.11389;29.13296;40.37996;44.23967;40.48444;28.61554;28.68913;0.62392;0.90558;49.11261;-9.61297;4.69858;2.95499;2.23250;1.06567
95.60258;82.89125;0.01046;0.01048;0.00357;1.00000;1.00000;71.41052;71.25332;72.08372;72.08372;82.17776;82.95247;82.95247;5.66928;-1.78740;5.94691;-0.02017;-0.75788;-36.67928;-73.07593;1001.33197;998.32648;0.00000;992.12421;-36.50000;-73.00000;2524.12134;239.56271;-30.80061;122.56921;-218.94745;17.03066;10.53637;0.72526;0.06883;8.67371;593.56274;564.30664;619.33392;621.16840;30.17564;40.03020;44.60395;40.95170;29.11901;29.20942;0.64451;0.90009;48.59058;-8.96489;2.66904;2.92185;2.18605;1.02028
95.62251;98.66799;0.01046;0.01030;0.00360;1.00000;1.00000;70.88343;70.76668;71.59132;71.59130;81.57120;82.38583;82.38583;5.82522;-1.68524;5.99924;-0.05416;-0.71961;-36.67895;-73.07589;1001.24377;998.22949;0.00000;992.15369;-36.50000;-73.00000;2531.16528;241.85309;-28.68530;121.78973;-228.05917;5.45541;10.46571;0.73732;0.07045;8.91552;593.57654;565.16638;621.22607;623.36523;31.14833;40.03800;45.14399;41.53605;29.68107;29.76142;0.66525;0.90338;49.42259;-8.90764;1.61998;2.95079;2.17535;1.00620
92.89708;93.08387;0.01076;0.01047;0.00354;1.00000;1.00000;70.36855;70.27699;71.09579;71.09574;80.97869;81.81558;81.81558;5.97187;-1.78695;6.03085;-0.06766;-0.70058;-36.67862;-73.07584;1001.11090;998.08710;0.00000;992.07959;-36.50000;-73.00000;2533.39648;243.92032;-30.81435;133.57771;-230.91727;15.11152;10.38616;0.74829;0.07205;8.47465;593.48303;564.51465;622.48969;623.66400;31.29429;40.70322;45.68998;41.94620;30.20930;30.16890;0.66871;0.92514;50.25340;-9.31689;2.31274;2.98007;2.16712;1.00381
91.43766;98.37678;0.01094;0.01051;0.00361;1.00000;1.00000;69.84119;69.86950;70.68343;70.68341;80.37180;81.34104;81.34104;6.09940;-1.96143;6.02479;-0.03951;-0.71183;-36.67830;-73.07580;1000.99072;997.95673;0.00000;991.96039;-36.50000;-73.00000;2538.92700;246.34946;-33.86011;145.16469;-239.86105;20.84905;10.30620;0.75869;0.07362;8.26388;595.44904;564.82599;623.50183;624.08667;31.23015;41.61023;46.30280;42.31068;30.65745;30.54267;0.66713;0.95476;52.47233;-10.71414;2.93224;3.07420;2.18975;1.02321
93.83978;98.68745;0.01066;0.01050;0.00306;1.00000;1.00000;69.29958;69.58374;70.39433;70.39433;79.74854;81.00835;81.00836;6.18260;-2.19821;5.99185;0.03941;-0.74453;-36.67797;-73.07576;1000.98108;997.93640;0.00000;991.86499;-36.50000;-73.00000;2544.55566;248.54729;-37.51208;160.38109;-253.38792;20.49727;10.23771;0.76663;0.07488;8.12323;598.85760;565.57623;623.51038;623.71600;30.89656;42.61764;46.84960;42.50051;30.92759;30.74478;0.65921;0.98632;55.93242;-13.08806;3.27289;3.22779;2.24632;1.04017
94.96188;91.70105;0.01053;0.01043;0.00297;1.00000;1.00000;68.90692;69.40995;70.21872;70.21848;79.29667;80.80626;80.80627;6.20462;-2.46832;5.93990;0.15254;-0.80547;-36.67765;-73.07571;1001.17871;998.12268;0.00000;991.88116;-36.50000;-73.00000;2543.33545;249.60365;-42.33408;163.84303;-260.24304;35.22467;10.18950;0.77011;0.07558;8.19575;601.31799;565.44751;621.32648;621.62720;30.14537;43.59182;47.07722;42.40751;30.88332;30.70375;0.64210;1.01619;58.31067;-14.95207;4.65731;3.34023;2.30405;1.08842
95.43421;101.86413;0.01048;0.01007;0.00315;1.00000;1.00000;68.63598;69.25291;70.06027;70.05968;78.98488;80.62392;80.62393;6.19978;-2.61249;5.89818;0.23745;-0.87723;-36.67733;-73.07568;1001.59253;998.52435;0.00000;992.08618;-36.50000;-73.00000;2533.99829;249.14293;-44.57220;158.68700;-258.04370;43.25723;10.17086;0.77076;0.07578;8.28530;600.78644;563.65710;617.80609;618.62268;29.56086;43.98051;46.97694;42.17016;30.66656;30.57126;0.62934;1.02822;58.64317;-15.49892;5.41050;3.35910;2.32367;1.10949
89.80148;87.65778;0.01114;0.01095;0.00357;1.00000;1.00000;68.40268;69.03854;69.84394;69.84326;78.71640;80.37498;80.37498;6.21142;-2.55052;5.90496;0.25252;-0.92338;-36.67701;-73.07563;1002.11249;999.03168;0.00000;992.47742;-36.50000;-73.00000;2521.25293;247.94380;-43.13086;137.04050;-249.85187;43.38565;10.16865;0.77166;0.07589;8.75858;597.15326;561.15155;614.35638;616.47852;29.57434;43.66120;46.69572;42.03554;30.48461;30.55933;0.62969;1.01911;56.51764;-14.01433;5.31678;3.26608;2.28787;1.08539
93.24044;91.88643;0.01072;0.01020;0.00330;1.00000;1.00000;68.09145;68.68218;69.48387;69.48357;78.35824;79.96062;79.96062;6.29421;-2.30320;5.97714;0.16654;-0.92107;-36.67669;-73.07559;1002.55267;999.45862;0.00000;992.95581;-36.50000;-73.00000;2511.40723;247.10170;-37.71401;139.16255;-239.84976;22.01505;10.16346;0.77664;0.07642;8.28757;592.26282;558.20111;613.69305;615.82922;30.47302;42.74734;46.63621;42.19218;30.68445;30.80346;0.64994;0.99543;54.45723;-12.66558;3.32430;3.17172;2.22677;1.02702
93.09329;82.63779;0.01074;0.01034;0.00341;1.00000;1.00000;67.66856;68.33054;69.12836;69.12831;77.87159;79.55151;79.55151;6.41653;-2.11005;6.09159;0.07453;-0.86998;-36.67636;-73.07555;1002.79724;999.68921;0.00000;993.36426;-36.50000;-73.00000;2514.01147;248.43640;-34.24440;129.76083;-242.41762;11.55570;10.11934;0.78547;0.07762;8.76875;590.50128;558.28046;614.99170;617.82513;31.47472;42.31300;46.93320;42.66124;31.12258;31.27399;0.67296;0.98567;53.65453;-11.57941;2.16784;3.13450;2.19180;0.99442
95.95248;100.58339;0.01042;0.01024;0.00358;1.00000;1.00000;67.17821;67.88123;68.67385;68.67384;77.30730;79.02846;79.02847;6.56956;-2.06066;6.18930;-0.03831;-0.82778;-36.67605;-73.07551;1002.83752;999.71490;0.00000;993.59705;-36.50000;-73.00000;2512.30688;249.78888;-33.72654;134.97566;-235.13223;17.16215;10.05772;0.79536;0.07908;8.13082;587.53345;556.66528;616.74811;618.59937;31.94883;42.39393;47.30680;43.12747;31.70258;31.74624;0.68607;0.99363;51.92765;-10.23977;2.35269;3.05633;2.13682;0.95820
94.61315;92.72997;0.01057;0.01029;0.00344;1.00000;1.00000;66.61902;67.48638;68.27425;68.27413;76.66380;78.56860;78.56860;6.73657;-2.10180;6.24688;-0.10265;-0.79560;-36.67573;-73.07546;1002.68304;999.54553;0.00000;993.63635;-36.50000;-73.00000;2521.74316;252.86287;-34.50829;137.61487;-242.78166;16.48550;9.97277;0.80772;0.08099;8.14948;588.61469;557.83423;619.53949;621.06042;32.39850;42.94576;48.01235;43.77223;32.37637;32.34652;0.69783;1.01558;52.71629;-10.31330;2.35413;3.09113;2.12977;0.97659
93.12443;82.34519;0.01074;0.01032;0.00353;1.00000;1.00000;66.07858;67.13608;67.91962;67.91949;76.04187;78.16051;78.16051;6.88213;-2.24332;6.25253;-0.11156;-0.79176;-36.67542;-73.07542;1002.45532;999.30219;0.00000;993.50562;-36.50000;-73.00000;2530.37354;255.85966;-37.00722;147.91992;-253.34102;19.07371;9.88969;0.81896;0.08281;8.06021;590.76837;558.91199;621.57715;622.43427;32.50468;43.75630;48.72475;44.28979;32.94722;32.82157;0.70110;1.04593;54.61047;-11.31476;2.76467;3.17891;2.14621;0.98989
94.14465;99.99000;0.01062;0.01032;0.00356;1.00000;1.00000;65.58973;66.78655;67.56583;67.56575;75.47932;77.75337;77.75337;6.98971;-2.40005;6.21877;-0.08465;-0.81668;-36.67511;-73.07538;1002.26410;999.09607;0.00000;993.31006;-36.50000;-73.00000;2528.33130;257.43921;-40.40436;133.15399;-249.90828;38.46811;9.82108;0.82689;0.08420;8.37390;590.03589;558.34460;620.87195;621.96631;32.19361;44.53072;49.03335;44.57816;33.22211;33.12843;0.69438;1.07463;53.62216;-10.46120;4.45957;3.14012;2.13185;0.97140
94.52274;101.69838;0.01058;0.01027;0.00330;1.00000;1.00000;65.07512;66.32778;67.10152;67.10142;74.88712;77.21906;77.21906;7.12883;-2.38089;6.18703;-0.10398;-0.84388;-36.67480;-73.07534;1002.08716;998.90363;0.00000;993.12329;-36.50000;-73.00000;2521.38013;258.22638;-39.61725;131.17339;-241.55165;35.61515;9.76422;0.83606;0.08563;7.91679;586.86511;556.05011;620.33026;621.16772;32.44225;44.61017;49.29593;44.92051;33.59260;33.52821;0.70273;1.08414;51.96080;-9.36837;4.28968;3.06805;2.08864;0.94043
92.93888;80.26327;0.01076;0.01025;0.00351;1.00000;1.00000;64.48041;65.84149;66.60934;66.60917;74.20273;76.65266;76.65266;7.29723;-2.24728;6.18953;-0.13205;-0.83947;-36.67449;-73.07529;1001.85474;998.65521;0.00000;992.93060;-36.50000;-73.00000;2521.25708;261.99628;-37.30859;128.13138;-240.72017;21.21475;9.62326;0.84842;0.08816;7.83297;584.97028;555.29413;620.55176;621.73053;33.25500;44.40230;49.74034;45.46917;34.10301;34.08494;0.72628;1.08443;51.44704;-8.81579;3.12078;3.04807;2.06138;0.90825
92.74529;81.54611;0.01078;0.01024;0.00356;1.00000;1.00000;63.83792;65.36485;66.12687;66.12663;73.46337;76.09744;76.09743;7.47951;-2.20466;6.21193;-0.14824;-0.81782;-36.67419;-73.07526;1001.57434;998.35834;0.00000;992.69128;-36.50000;-73.00000;2524.95239;264.81540;-36.41336;129.70967;-252.61795;14.91061;9.53476;0.86210;0.09042;7.89348;584.92792;555.56970;621.30322;622.58167;33.92514;44.55913;50.39078;46.09291;34.71368;34.66391;0.74650;1.09676;52.38282;-8.88471;2.49878;3.09258;2.05494;0.89748
92.23986;100.85729;0.01084;0.01065;0.00344;1.00000;1.00000;63.18623;64.90039;65.65672;65.65649;72.71341;75.55640;75.55640;7.65471;-2.31542;6.22104;-0.14775;-0.81076;-36.67389;-73.07521;1001.28156;998.04858;0.00000;992.42065;-36.50000;-73.00000;2526.55786;267.65210;-38.33232;145.30016;-256.53632;18.12596;9.43971;0.87504;0.09270;7.40715;585.48419;555.28046;621.83417;622.14221;34.10718;45.15096;51.09270;46.60471;35.31389;35.11758;0.75379;1.12465;53.68495;-9.86311;2.72571;3.15954;2.06244;0.90275
95.36359;101.66734;0.01049;0.01051;0.00366;1.00000;1.00000;62.56407;64.46899;65.22003;65.21989;71.99744;75.05388;75.05388;7.80452;-2.50580;6.20296;-0.11913;-0.83069;-36.67358;-73.07517;1001.02692;997.77655;0.00000;992.13684;-36.50000;-73.00000;2524.74316;270.10025;-42.05959;140.14531;-254.65211;33.73104;9.34743;0.88615;0.09480;7.48973;585.48798;554.75702;620.87756;621.14905;33.87690;45.99903;51.61889;46.99348;35.71792;35.49721;0.74946;1.16082;53.68481;-9.93676;4.07745;3.16947;2.06450;0.91177
93.47411;85.64577;0.01070;0.01028;0.00340;1.00000;1.00000;61.95970;64.05450;64.80051;64.80042;71.30196;74.57111;74.57110;7.97231;-2.63606;6.17467;-0.09327;-0.86423;-36.67329;-73.07513;1000.81946;997.55115;0.00000;991.88403;-36.50000;-73.00000;2527.40552;273.18921;-43.76684;148.83096;-254.15456;29.62495;9.25148;0.89860;0.09713;7.33116;587.01062;554.93933;621.19196;621.01465;34.02007;46.64923;52.35225;47.49090;36.24867;35.98479;0.75508;1.19191;53.60274;-10.00634;3.96582;3.13716;2.07605;0.92221
96.57814;98.68745;0.01035;0.01045;0.00352;1.00000;1.00000;61.38134;63.62743;64.36835;64.36833;70.63639;74.07378;74.07378;8.09814;-2.72034;6.15765;-0.04826;-0.89674;-36.67299;-73.07509;1000.69983;997.41309;0.00000;991.68848;-36.50000;-73.00000;2519.84863;274.46979;-45.20682;140.71771;-256.23929;37.44107;9.18079;0.90798;0.09890;7.33682;585.22577;553.27905;618.80914;618.91089;33.95147;47.01441;52.61202;47.72354;36.47219;36.25410;0.75552;1.21182;53.01342;-9.34945;4.59902;3.11258;2.06295;0.91855
94.94961;97.82822;0.01053;0.01035;0.00350;1.00000;1.00000;60.79684;63.18874;63.92448;63.92445;69.96376;73.56298;73.56297;8.25767;-2.72492;6.16451;-0.04867;-0.91738;-36.67269;-73.07505;1000.60925;997.30377;0.00000;991.56354;-36.50000;-73.00000;2517.40454;276.53131;-44.97631;133.44116;-265.46786;34.61261;9.10351;0.91974;0.10103;7.51633;584.25909;552.48041;617.58777;618.29083;34.28067;47.20546;53.07585;48.16093;36.85649;36.72020;0.76795;1.22690;53.13231;-8.89727;4.35277;3.12252;2.05193;0.90586
95.28127;97.82822;0.01050;0.01035;0.00351;1.00000;1.00000;60.18732;62.71035;63.44040;63.44034;69.26234;73.00591;73.00592;8.44401;-2.68308;6.19754;-0.08350;-0.92306;-36.67240;-73.07501;1000.48737;997.16266;0.00000;991.45630;-36.50000;-73.00000;2513.96118;278.65189;-43.69680;143.87433;-264.39624;26.44361;9.02187;0.93255;0.10337;7.04822;582.95404;551.26361;617.10400;617.34735;34.80931;47.22689;53.64338;48.67691;37.39119;37.21229;0.78730;1.23844;53.21590;-9.12426;3.53720;3.13595;2.03875;0.88553
95.37163;91.34923;0.01049;0.01061;0.00356;1.00000;1.00000;59.56828;62.31684;63.04218;63.04213;68.54995;72.54765;72.54765;8.63284;-2.70347;6.24149;-0.06535;-0.91206;-36.67211;-73.07497;1000.33453;996.99023;0.00000;991.32666;-36.50000;-73.00000;2520.80444;282.60278;-43.33971;159.65457;-272.70261;11.56384;8.91996;0.94693;0.10616;6.82597;585.49994;552.86383;617.92926;617.71918;35.44330;47.58196;54.51132;49.33772;38.04446;37.74772;0.80842;1.25936;54.22133;-9.73398;2.36176;3.16893;2.06766;0.92125
97.09566;102.79606;0.01030;0.01038;0.00349;1.00000;1.00000;59.03542;61.98797;62.70941;62.70940;67.93675;72.16470;72.16470;8.74857;-2.93363;6.25707;-0.00706;-0.92508;-36.67182;-73.07494;1000.26935;996.90515;0.00000;991.19958;-36.50000;-73.00000;2518.44946;285.04324;-48.38475;151.31461;-276.80353;37.48784;8.83532;0.95611;0.10821;7.03268;586.02887;552.93256;616.01855;615.83459;35.05259;48.46777;54.90480;49.59663;38.29647;37.93816;0.79765;1.29797;54.43772;-9.63801;4.42476;3.18523;2.08416;0.92165
96.30183;101.87449;0.01038;0.01029;0.00351;1.00000;1.00000;58.53178;61.60559;62.32259;62.32259;67.35718;71.71955;71.71955;8.88132;-3.11006;6.24451;-0.01157;-0.97038;-36.67154;-73.07490;1000.26257;996.87793;0.00000;991.13684;-36.50000;-73.00000;2510.89282;286.32687;-51.20534;154.22177;-277.16055;43.68629;8.76932;0.96511;0.11006;6.80801;584.61340;550.86163;613.87073;613.47784;34.75964;49.02356;55.25092;49.80397;38.54243;38.19417;0.79195;1.32938;56.10175;-11.17944;5.06414;3.30624;2.09165;0.92839
95.18327;90.15507;0.01051;0.01022;0.00345;1.00000;1.00000;58.01830;61.26893;61.98199;61.98199;66.76627;71.32760;71.32761;9.04068;-3.14773;6.24285;-0.00039;-1.00358;-36.67125;-73.07485;1000.24506;996.83948;0.00000;991.11182;-36.50000;-73.00000;2515.33374;289.35291;-50.95945;141.44159;-290.94470;44.17621;8.69296;0.97748;0.11244;6.67851;586.67462;550.81671;612.94794;615.24774;35.24773;49.26292;56.02739;50.16721;38.91270;38.87173;0.80886;1.34568;57.94609;-12.23402;4.07839;3.40811;2.11663;0.95152
93.88909;88.55827;0.01065;0.01042;0.00358;1.00000;1.00000;57.56382;60.97816;61.68787;61.68784;66.24326;70.98914;70.98914;9.19867;-2.98908;6.19287;0.05573;-1.00212;-36.67097;-73.07481;1000.28510;996.85840;0.00000;991.10400;-36.50000;-73.00000;2522.34766;292.65182;-47.44220;164.10181;-298.03397;23.42337;8.61894;0.98957;0.11481;6.66002;588.44446;553.22803;614.38007;615.32288;36.22192;49.14334;56.62529;50.84315;39.49638;39.30560;0.84097;1.34525;57.42481;-11.33305;2.34628;3.36346;2.12871;0.94093
92.08749;78.10059;0.01086;0.01035;0.00342;1.00000;1.00000;57.14849;60.66548;61.37171;61.37153;65.76530;70.62531;70.62531;9.28744;-2.86466;6.04392;0.13674;-0.97241;-36.67068;-73.07478;1000.46796;997.01959;0.00000;991.16516;-36.50000;-73.00000;2514.07593;293.13028;-45.14841;162.99074;-298.29498;14.68626;8.57665;0.99652;0.11619;6.62088;586.37732;552.27966;611.71503;612.78748;36.70176;48.76006;56.64508;51.00204;39.61142;39.36327;0.85884;1.33454;57.68357;-11.67367;1.51529;3.38057;2.13516;0.93507
94.93902;92.65264;0.01053;0.01024;0.00337;1.00000;1.00000;56.73441;60.35059;61.05339;61.05323;65.28880;70.25899;70.25899;9.35358;-2.86916;5.75921;0.13317;-0.94896;-36.67041;-73.07475;1000.72388;997.25360;0.00000;991.34229;-36.50000;-73.00000;2500.36084;292.80078;-45.39211;162.90102;-299.68353;21.44032;8.53946;1.00145;0.11727;6.57861;583.30530;549.53644;607.95007;609.00604;36.68848;48.58998;56.54792;50.90296;39.60367;39.26280;0.86137;1.33348;57.79354;-11.85458;1.69812;3.38624;2.13258;0.93387
95.57327;94.80470;0.01046;0.01033;0.00355;1.00000;1.00000;56.31817;60.05746;60.75699;60.75698;64.80979;69.91790;69.91790;9.41531;-2.88101;5.28696;0.03329;-0.93948;-36.67012;-73.07471;1000.88843;997.39557;0.00000;991.56433;-36.50000;-73.00000;2487.12988;292.37042;-45.58968;163.66324;-300.19589;26.36614;8.50678;1.00590;0.11825;6.54302;580.32196;546.79675;604.45776;605.41327;36.63711;48.44920;56.44670;50.80021;39.58514;39.17330;0.86264;1.33359;57.76152;-11.95412;1.82743;3.38477;2.12696;0.93183
95.92547;99.49259;0.01042;0.01022;0.00348;1.00000;1.00000;55.93954;59.82131;60.51801;60.51778;64.37408;69.64288;69.64288;9.46315;-2.82237;4.60838;-0.15741;-0.93004;-36.66985;-73.07468;1000.78955;997.27368;0.00000;991.68549;-36.50000;-73.00000;2476.30737;291.81891;-44.38623;164.42503;-299.84332;23.04996;8.48577;1.00945;0.11896;6.51196;577.71198;544.73553;601.60767;602.52966;36.77303;48.13643;56.32019;50.73756;39.55840;39.09415;0.86952;1.32529;57.77734;-12.12418;1.42022;3.38646;2.12332;0.92749
94.24980;99.42335;0.01061;0.01057;0.00361;1.00000;1.00000;55.64042;59.66769;60.36215;60.36055;64.02985;69.46352;69.46352;9.49441;-2.72282;3.71770;-0.41766;-0.91167;-36.66957;-73.07465;1000.28809;996.74908;0.00000;991.55115;-36.50000;-73.00000;2469.51245;291.42899;-42.64278;164.49895;-299.80661;18.81570;8.47381;1.01187;0.11941;6.49583;575.85773;543.65472;599.79663;600.72668;37.02887;47.76654;56.21180;50.72728;39.55939;39.02862;0.87968;1.31264;57.78294;-12.20803;0.90308;3.38724;2.12106;0.92300
93.22220;82.61049;0.01073;0.01068;0.00368;1.00000;1.00000;55.44587;59.61034;60.30323;60.29841;63.80597;69.39573;69.39573;9.50684;-2.62079;2.57792;-0.72500;-0.88665;-36.66929;-73.07463;999.27209;995.70929;0.00000;991.01324;-36.50000;-73.00000;2467.36646;291.30414;-41.07176;164.63181;-299.69867;16.90824;8.47007;1.01294;0.11959;6.48803;575.04181;543.57184;599.20074;600.14166;37.31681;47.45111;56.15470;50.75703;39.59559;38.98080;0.89006;1.30006;57.82132;-12.27089;0.50154;3.38956;2.12134;0.92069
97.86800;91.91177;0.01022;0.00997;0.00341;1.00000;1.00000;55.37796;59.65644;60.34848;60.33842;63.72783;69.44780;69.44779;9.49764;-2.51881;1.17994;-1.04583;-0.85931;-36.66901;-73.07462;997.70453;994.11761;0.00000;989.98981;-36.50000;-73.00000;2470.03906;291.40549;-39.63839;165.06221;-299.56110;16.23441;8.47630;1.01247;0.11945;6.49187;575.33246;544.49799;599.87286;600.81482;37.62250;47.19501;56.14536;50.82178;39.65598;38.95302;0.90007;1.28780;57.88543;-12.29969;0.18015;3.39301;2.12380;0.92022
99.80207;101.18385;0.01002;0.00994;0.00320;1.00000;1.00000;55.44497;59.80394;60.49579;60.47880;63.80493;69.61731;69.61732;9.46604;-2.39966;359.47757;-1.35815;-0.82936;-36.66873;-73.07462;995.55695;991.94543;0.00000;988.40826;-36.50000;-73.00000;2477.30908;291.66241;-37.98011;165.52737;-299.44940;14.68226;8.49376;1.01044;0.11896;6.50888;576.62683;546.44543;601.74158;602.69812;37.99013;46.94355;56.16507;50.92433;39.73092;38.94115;0.91099;1.27382;57.97516;-12.29049;-0.19665;3.39756;2.12869;0.92099
95.99381;102.61673;0.01042;0.01013;0.00314;1.00000;1.00000;55.64444;60.04274;60.73495;60.71018;64.03448;69.89254;69.89255;9.41468;-2.26199;357.45590;-1.63661;-0.79545;-36.66845;-73.07463;992.87274;989.25024;0.00000;986.26355;-36.50000;-73.00000;2488.72534;292.06171;-36.06406;165.90157;-299.70151;12.24818;8.52123;1.00704;0.11818;6.53768;578.79388;549.32477;604.68719;605.67584;38.42437;46.68316;56.20743;51.06251;39.82056;38.94231;0.92309;1.25786;58.09655;-12.23353;-0.63928;3.40348;2.13551;0.92315
99.90635;97.10625;0.01001;0.00976;0.00288;1.00000;1.00000;55.96317;60.35633;61.04934;61.01701;64.40126;70.25433;70.25433;9.34735;-2.11448;355.09607;-1.86461;-0.75756;-36.66817;-73.07465;989.72559;986.09778;0.00000;983.59973;-36.50000;-73.00000;2503.43750;292.57773;-34.04426;166.27206;-300.44382;9.80844;8.55649;1.00249;0.11716;6.57611;581.66687;552.92847;608.48724;609.51489;38.90139;46.42337;56.26822;51.22312;39.92064;38.95102;0.93579;1.24064;58.24893;-12.13062;-1.09278;3.41074;2.14392;0.92655
100.20709;96.48785;0.00998;0.00974;0.00290;1.00000;1.00000;56.37975;60.72492;61.41898;61.38025;64.88065;70.67970;70.67970;9.26818;-1.96339;352.37607;-2.03476;-0.71683;-36.66789;-73.07469;986.20770;982.57428;0.00000;980.47809;-36.50000;-73.00000;2520.40625;293.15503;-32.00283;166.56090;-301.64362;7.65717;8.59752;0.99707;0.11597;6.62116;585.01019;557.02527;612.88379;613.95026;39.40073;46.16514;56.33417;51.39296;40.02434;38.95910;0.94863;1.22278;58.42469;-11.99153;-1.53515;3.41891;2.15344;0.93102
101.73376;100.68465;0.00983;0.00955;0.00301;1.00000;1.00000;56.87880;61.11066;61.80564;61.75996;65.45496;71.12467;71.12467;9.07915;-1.81732;349.26971;-2.20307;-0.67789;-36.66761;-73.07475;982.37671;978.73779;0.00000;976.97235;-36.50000;-73.00000;2519.79907;290.13919;-31.66218;115.35632;-310.95425;32.91879;8.68479;0.98429;0.11333;8.47480;582.62604;558.02008;612.16071;615.32257;39.12371;45.67699;55.40837;50.99952;39.38891;38.52629;0.93582;1.19310;56.71470;-9.30340;0.52290;3.35418;2.10843;0.89310
102.54882;107.83997;0.00975;0.00967;0.00324;1.00000;1.00000;57.29955;61.12222;61.81330;61.74376;65.93915;71.13348;71.13348;8.84583;-1.37294;345.87671;-2.71800;-0.64425;-36.66733;-73.07482;977.97644;974.33215;0.00000;973.10620;-36.50000;-73.00000;2461.82764;278.14981;-25.16469;74.42087;-278.10031;44.72007;8.85073;0.96128;0.10861;10.33942;562.16144;544.95453;603.48254;605.99554;38.33407;43.36935;52.86331;49.64085;38.07990;37.32029;0.92164;1.11174;45.96576;-1.46073;1.72637;2.80266;1.91917;0.77373
102.58111;90.13068;0.00975;0.00941;0.00318;1.00000;1.00000;57.41434;60.99490;61.67918;61.53981;66.07125;70.97913;70.97913;8.52836;-0.52240;342.37402;-3.85247;-0.53327;-36.66705;-73.07492;972.09808;968.45172;0.00000;968.51819;-36.50000;-73.00000;2373.79004;260.98108;-10.03385;65.53342;-229.05487;-3.82534;9.09564;0.93078;0.10233;9.26566;534.29260;525.23206;588.69788;589.85693;38.18237;39.09998;49.40392;47.54433;36.20726;35.44265;0.93318;0.96871;38.54982;1.62389;-1.64891;2.47523;1.71259;0.65802
105.26047;103.87451;0.00950;0.00931;0.00325;1.00000;1.00000;57.45447;61.13652;61.81462;61.52551;66.11742;71.13500;71.13500;8.27924;0.11872;338.86487;-5.54368;-0.35724;-36.66679;-73.07504;963.59888;959.95044;0.00000;962.36017;-36.50000;-73.00000;2321.81519;250.17059;-0.84043;35.66469;-194.73221;-16.20321;9.28093;0.90619;0.09764;9.66058;516.17737;513.83496;580.62390;581.85675;38.23401;36.15666;47.11077;46.28531;35.03546;34.23655;0.94679;0.87268;31.61485;5.45932;-2.73302;2.15384;1.62681;0.59760
105.52706;106.86044;0.00948;0.00930;0.00327;1.00000;1.00000;57.76724;61.74903;62.42302;61.90596;66.47736;71.83514;71.83514;8.11214;0.32937;335.29419;-7.37964;-0.20678;-36.66652;-73.07518;951.78125;948.13092;0.00000;953.65710;-36.50000;-73.00000;2326.21729;247.34505;0.47864;2.17764;-183.95860;-1.00971;9.40475;0.88998;0.09463;-454.40247;513.50745;514.23743;584.21527;586.52893;38.33885;35.33274;46.50278;46.11119;34.79745;34.02901;0.95103;0.84367;28.20145;8.00005;-1.71253;1.99770;1.61098;0.56428
105.88277;104.84378;0.00944;0.00928;0.00321;1.00000;1.00000;58.57807;62.72633;63.39661;62.59809;67.41045;72.95551;72.95551;7.88120;0.36977;331.59491;-9.10338;-0.13066;-36.66626;-73.07534;936.44696;932.80402;0.00000;941.69702;-36.50000;-73.00000;2344.09204;244.93120;-1.12314;-2.65200;-162.13574;41.72828;9.57041;0.86909;0.09081;1.64788;514.47778;517.41528;592.81079;593.48633;38.00873;35.16816;46.02003;45.95912;34.66012;33.76409;0.93501;0.83279;22.13416;12.62754;1.11438;1.78423;1.66651;0.53829
102.63143;103.74521;0.00974;0.00962;0.00336;1.00000;1.00000;59.89547;64.14148;64.80914;63.71114;68.92648;74.58102;74.58102;7.57221;0.72954;327.86014;-10.56172;-0.06545;-36.66601;-73.07552;917.91248;914.28302;0.00000;926.44501;-36.50000;-73.00000;2382.25562;244.18582;4.88667;2.24723;-140.94952;30.01440;9.75591;0.84470;0.08658;16.74616;520.54333;527.39703;605.16675;604.00574;38.84784;34.29445;45.49911;46.10464;34.42863;33.52044;0.95024;0.79392;17.32205;16.42476;0.38417;1.69590;1.78710;0.54449
105.82399;109.12266;0.00945;0.00924;0.00324;1.00000;1.00000;61.76193;65.93954;66.60484;65.25095;71.07436;76.64748;76.64748;7.20718;1.14581;324.15646;-11.57213;0.06221;-36.66576;-73.07573;896.49310;892.87683;0.00000;907.94958;-36.50000;-73.00000;2437.81616;243.47830;17.01379;0.38498;-164.35155;-24.17332;10.01246;0.81790;0.08169;18.23546
