f-act,_/sec;f-sim,_/sec;frame,_time;__cpu,_time;_gpu_,time_;_grnd,ratio;_flit,ratio;_Vind,_kias;_Vind,_keas;Vtrue,_ktas;Vtrue,_ktgs;_Vind,__mph;Vtrue,mphas;Vtrue,mphgs;alpha,__deg;_beta,__deg;hpath,__deg;vpath,__deg;_slip,__deg;__L/D,ratio;___cl,total;___cd,total;__L/D,*etaP;wing1,_lift;wing1,_lift;wing2,_lift;wing2,_lift;wing3,_lift;wing3,_lift;wing1,_drag;wing1,_drag;wing2,_drag;wing2,_drag;wing3,_drag;wing3,_drag;hstab,_lift;hstab,_lift;vstb1,_lift;hstab,_drag;hstab,_drag;vstb1,_drag
87.60741;83.59108;0.01141;0.00564;0.00267;1.00000;1.00000;94.30972;91.57833;106.39542;105.09863;108.52969;122.43767;122.43768;2.04937;-0.60759;141.39720;8.95478;-0.57079;11.70949;0.45472;0.03883;11.77113;657.84747;631.33264;622.99860;629.07300;19.18088;22.56009;35.67463;33.52391;19.96665;20.24889;0.61745;0.65872;37.51055;-14.50715;-2.96815;3.26397;3.04563;1.63982
89.90305;96.00614;0.01112;0.01129;0.00293;1.00000;1.00000;91.49715;88.26004;102.58517;101.36429;105.29305;118.05291;118.05292;1.85049;-0.89762;141.38902;8.84839;-0.53888;11.64420;0.43864;0.03767;12.50924;593.67145;568.49994;558.13776;562.59888;14.19194;20.89318;31.58503;29.53220;17.53357;17.71359;0.54404;0.60922;29.71994;-11.80334;4.93669;2.90227;2.78888;1.51328
71.59664;77.05347;0.01397;0.01144;0.00280;1.00000;1.00000;88.33635;85.12734;98.98227;98.12537;101.65566;113.90677;113.90677;1.69623;-0.75909;141.35545;7.54458;-0.57877;11.62808;0.42523;0.03657;14.06992;536.79089;516.65863;503.42102;508.25198;12.27854;17.62549;28.06421;26.46851;15.53881;15.76363;0.49847;0.54604;21.05969;-8.97840;3.77204;2.57391;2.53934;1.37230
85.90795;81.36696;0.01164;0.01221;0.00331;1.00000;1.00000;85.27575;82.42815;95.87214;95.43747;98.13358;110.32770;110.32770;1.84550;-0.31423;141.35889;5.45805;-0.49637;11.70760;0.43465;0.03713;10.11765;507.63669;494.57227;485.61172;488.91736;14.62735;15.75703;26.87126;25.82370;15.20900;15.37879;0.48728;0.50106;15.99080;-4.22761;-0.44652;2.34009;2.33554;1.24013
85.81444;80.42464;0.01165;0.01146;0.00368;1.00000;1.00000;82.63330;80.44747;93.58614;93.44776;95.09270;107.69701;107.69700;2.16231;-0.21359;141.36125;3.11604;-0.36560;11.75533;0.45816;0.03897;9.15872;502.82462;491.54926;491.24768;491.80292;16.88644;16.96147;27.46891;26.51274;15.93277;15.95056;0.48911;0.49510;17.51558;-2.58703;-0.98775;2.25833;2.23283;1.17354
78.56987;87.90435;0.01273;0.01351;0.00451;1.00000;1.00000;80.66959;79.29404;92.25218;92.24202;92.83291;106.16193;106.16192;2.45318;-0.50938;141.30231;0.85043;-0.32494;11.61064;0.48106;0.04143;9.04621;510.51529;495.79147;502.64883;501.39182;17.54320;19.83533;28.74393;27.43662;16.84971;16.74183;0.48775;0.52007;23.16909;-4.97534;1.19108;2.31184;2.21531;1.16625
76.86856;79.70668;0.01301;0.01242;0.00424;1.00000;1.00000;79.48685;78.95000;91.85106;91.82919;91.47184;105.70032;105.70032;2.61609;-0.91627;141.18013;-1.25045;-0.38547;11.55984;0.49494;0.04282;9.06546;522.91772;502.12457;511.52487;509.82678;17.22438;22.47478;29.96864;28.09718;17.45651;17.30369;0.48411;0.55544;30.87758;-10.11627;2.71141;2.48399;2.27962;1.21993
73.54768;64.28801;0.01360;0.01245;0.00434;1.00000;1.00000;79.11618;79.41000;92.37733;92.23619;91.04528;106.30594;106.30595;2.61220;-1.31996;141.03310;-3.16781;-0.50108;11.51011;0.49694;0.04317;9.05649;537.16779;508.65073;516.46429;515.35608;16.10424;24.25647;30.83877;28.29638;17.61374;17.48154;0.48122;0.58923;39.51847;-17.31517;3.48015;2.72369;2.48577;1.32857
85.06796;74.17847;0.01176;0.01234;0.00430;1.00000;1.00000;79.54567;80.62357;93.77270;93.43030;91.53953;107.91170;107.91170;2.52241;-1.70131;140.89496;-4.89777;-0.65033;11.44925;0.49104;0.04289;8.91182;556.58710;519.18292;523.62494;523.62775;14.59278;25.78100;31.75531;28.48437;17.67678;17.60123;0.48374;0.62504;45.06185;-28.42462;4.40180;2.99453;2.76268;1.47576
76.87579;59.84440;0.01301;0.01215;0.00421;1.00000;1.00000;80.69040;82.39306;95.80773;95.30172;92.85686;110.25358;110.25356;2.90848;-2.01511;140.79271;-5.89119;-0.78801;11.42209;0.52233;0.04573;8.74515;615.15601;567.67352;580.74042;582.82935;17.36182;31.29721;36.54969;32.22578;20.43539;20.46070;0.52593;0.72475;58.78787;-33.27838;4.20994;3.53422;3.04649;1.63978
87.30883;89.81499;0.01145;0.01262;0.00423;1.00000;1.00000;82.36458;84.31769;98.01928;97.51670;94.78347;112.79858;112.79858;3.14930;-2.32328;140.74777;-5.80456;-0.91026;11.37424;0.54151;0.04761;8.83318;666.23901;610.24774;629.90002;634.72925;18.92620;36.29454;40.62138;35.36990;22.74225;22.92282;0.55830;0.82208;67.59539;-36.68814;5.60690;3.93533;3.28908;1.74757
90.42028;87.81944;0.01106;0.01117;0.00399;1.00000;1.00000;84.14058;85.99373;99.94265;99.55470;96.82726;115.01196;115.01196;3.14697;-2.40191;140.77269;-5.04996;-1.01857;11.38193;0.54157;0.04758;8.81825;693.55109;633.38861;654.74139;661.20801;19.22988;38.14312;42.34317;36.69297;23.61540;23.92195;0.57619;0.86149;70.36430;-37.65974;6.01209;4.08797;3.41419;1.82206
86.50018;88.05142;0.01156;0.01098;0.00380;1.00000;1.00000;85.78847;87.36810;101.51826;101.26447;98.72361;116.82513;116.82513;2.98409;-2.19948;140.88371;-4.05224;-1.05740;11.43893;0.52949;0.04629;8.84571;701.57001;641.65283;659.63989;667.29242;19.38706;36.74574;42.17112;36.64458;23.36231;23.75157;0.59032;0.84164;70.22205;-37.96267;3.40794;4.11551;3.48230;1.84167
86.72274;71.80297;0.01153;0.01098;0.00371;1.00000;1.00000;87.17374;88.44503;102.75225;102.60123;100.31775;118.24518;118.24518;2.74497;-2.03416;141.04245;-3.10677;-1.04635;11.47359;0.51148;0.04458;8.86134;698.16272;639.15259;651.58575;659.50555;18.46924;34.45581;41.01004;35.70680;22.48911;22.87882;0.59276;0.80890;68.79180;-38.54160;2.62644;4.08867;3.52899;1.90533
87.82016;91.54156;0.01139;0.01137;0.00384;1.00000;1.00000;88.29538;89.28970;103.72005;103.63238;101.60851;119.35891;119.35891;2.49630;-1.97418;141.19350;-2.35602;-1.03200;11.47736;0.49261;0.04292;8.85602;690.14459;631.51514;637.97388;645.79468;16.69807;32.38565;39.58042;34.45253;21.44161;21.80716;0.58731;0.78210;66.97446;-39.38786;2.89125;4.04639;3.56677;1.92613
90.06365;92.37875;0.01110;0.01125;0.00394;1.00000;1.00000;89.18021;89.96950;104.49921;104.44565;102.62676;120.25555;120.25555;2.27957;-1.93514;141.30702;-1.83450;-1.03230;11.46560;0.47610;0.04152;8.83775;681.83893;623.58887;624.53961;632.18011;14.98027;30.55992;38.28286;33.31722;20.51046;20.85640;0.58321;0.76062;65.21584;-40.28580;3.08572;4.00873;3.59893;1.94392
87.96358;87.61938;0.01137;0.01116;0.00387;1.00000;1.00000;89.89565;90.54350;105.15738;105.12109;103.45007;121.01295;121.01295;2.11071;-1.87307;141.38391;-1.50537;-1.03201;11.44969;0.46323;0.04046;8.81402;675.41010;617.96912;614.26807;621.70276;13.79030;28.94229;37.28290;32.48895;19.81832;20.14543;0.58200;0.74294;63.75942;-40.97017;2.76417;3.98390;3.62583;1.95675
90.51224;92.00478;0.01105;0.01112;0.00384;1.00000;1.00000;90.49377;91.04764;105.73565;105.70793;104.13837;121.67842;121.67842;1.98703;-1.83829;141.42680;-1.31192;-1.03068;11.42818;0.45375;0.03970;8.78251;671.58362;614.78259;607.64008;614.72540;12.83785;27.85448;36.60884;31.94334;19.35686;19.65782;0.58180;0.73334;62.57481;-41.39787;2.90652;3.96734;3.64945;1.96908
87.66101;85.63844;0.01141;0.01089;0.00380;1.00000;1.00000;91.01865;91.51078;106.26694;106.24380;104.74240;122.28982;122.28982;1.89960;-1.81586;141.43982;-1.19572;-1.03354;11.40943;0.44701;0.03918;8.75285;670.13037;613.84888;604.24023;610.97424;12.14156;27.16081;36.20066;31.63498;19.07843;19.35725;0.58330;0.72820;61.65218;-41.60419;3.11692;3.95797;3.66968;1.98014
89.10648;89.27775;0.01122;0.01083;0.00373;1.00000;1.00000;91.49171;91.93909;106.75819;106.73803;105.28679;122.85514;122.85514;1.83771;-1.78632;141.43321;-1.11345;-1.03530;11.39612;0.44221;0.03880;8.72854;670.24365;614.54236;603.09222;609.53864;11.73035;26.64454;35.97163;31.49312;18.92482;19.18617;0.58612;0.72563;60.92574;-41.65038;3.11456;3.95467;3.68702;1.98903
89.68084;87.36677;0.01115;0.01109;0.00388;1.00000;1.00000;91.92820;92.33733;107.21489;107.19731;105.78909;123.38069;123.38071;1.79019;-1.76239;141.41585;-1.03759;-1.03411;11.38300;0.43851;0.03852;8.70474;671.15924;615.95471;603.07837;609.26068;11.42460;26.27685;35.84037;31.43071;18.83614;19.08185;0.58911;0.72466;60.33026;-41.59901;3.04582;3.95443;3.70240;2.03608
89.09576;82.87750;0.01122;0.01090;0.00392;1.00000;1.00000;92.32954;92.70269;107.63374;107.61867;106.25094;123.86270;123.86269;1.74931;-1.75415;141.39314;-0.95872;-1.03440;11.37083;0.43532;0.03828;8.68174;672.27856;617.33862;603.30865;609.24054;11.08302;26.04429;35.74855;31.38316;18.76740;18.99965;0.59163;0.72501;59.79482;-41.54593;3.35501;3.95445;3.71670;2.04488
86.94277;85.88114;0.01150;0.01189;0.00404;1.00000;1.00000;92.69847;93.03578;108.01553;108.00294;106.67550;124.30206;124.30206;1.71295;-1.73075;141.36987;-0.87491;-1.03457;11.36244;0.43250;0.03806;8.66230;673.29419;618.72235;603.56885;609.37250;10.87571;25.73543;35.66445;31.35083;18.70757;18.93346;0.59437;0.72433;59.31439;-41.48483;3.26732;3.95510;3.72966;2.05140
87.86955;88.00493;0.01138;0.01117;0.00393;1.00000;1.00000;93.03516;93.33656;108.36021;108.34996;107.06295;124.69872;124.69869;1.67828;-1.70848;141.35132;-0.78761;-1.03104;11.35328;0.42982;0.03786;8.64469;674.02802;619.78540;603.55908;609.25555;10.67801;25.42038;35.57277;31.30535;18.64375;18.86295;0.59676;0.72340;58.86206;-41.45010;3.21872;3.95540;3.74177;2.05742
85.80768;84.65250;0.01165;0.01103;0.00383;1.00000;1.00000;93.34026;93.60632;108.66932;108.66116;107.41405;125.05442;125.05442;1.64453;-1.69491;141.33699;-0.70173;-1.02804;11.34274;0.42721;0.03766;8.62549;674.47632;620.43036;603.19989;608.80334;10.43046;25.14451;35.47173;31.23853;18.57157;18.78549;0.59864;0.72269;58.43282;-41.44152;3.28470;3.95537;3.75295;2.06341
88.78683;89.02341;0.01126;0.01118;0.00381;1.00000;1.00000;93.61629;93.84920;108.94759;108.94118;107.73171;125.37466;125.37465;1.61261;-1.67874;141.32666;-0.62106;-1.02545;11.33298;0.42475;0.03748;8.60917;674.71667;620.87225;602.66290;608.21130;10.21420;24.84998;35.36639;31.16676;18.49745;18.70814;0.60040;0.72163;58.02032;-41.46058;3.24529;3.95518;3.76337;2.06854
90.49191;92.59259;0.01105;0.01107;0.00395;1.00000;1.00000;93.86163;94.06426;109.19402;109.18902;108.01403;125.65823;125.65823;1.58341;-1.66352;141.32034;-0.54833;-1.02203;11.32352;0.42250;0.03731;8.59318;674.82562;621.16882;602.05426;607.55371;10.01771;24.56878;35.26503;31.09544;18.42674;18.63461;0.60196;0.72053;57.65193;-41.48133;3.21022;3.95497;3.77269;2.07317
86.16122;79.61783;0.01161;0.01118;0.00395;1.00000;1.00000;94.07950;94.25536;109.41299;109.40907;108.26476;125.91022;125.91022;1.55723;-1.65142;141.31619;-0.48399;-1.01916;11.31452;0.42049;0.03716;8.57880;674.89478;621.38727;601.46210;606.91650;9.82967;24.32285;35.17366;31.02882;18.36235;18.56756;0.60331;0.71964;57.32024;-41.50485;3.20110;3.95470;3.78106;2.07743
89.41460;90.76881;0.01118;0.01088;0.00389;1.00000;1.00000;94.27288;94.42471;109.60702;109.60397;108.48730;126.13351;126.13351;1.53365;-1.64037;141.31335;-0.42816;-1.01644;11.30613;0.41867;0.03703;8.56477;674.90698;621.54114;600.87494;606.28809;9.65957;24.09657;35.08870;30.96675;18.30306;18.50570;0.60452;0.71878;57.02085;-41.53098;3.18963;3.95434;3.78858;2.08123
90.00291;94.01147;0.01111;0.01082;0.00379;1.00000;1.00000;94.44523;94.57603;109.78043;109.77802;108.68563;126.33307;126.33308;1.51286;-1.63054;141.31094;-0.37946;-1.01417;11.29859;0.41708;0.03691;8.55306;674.93292;621.69836;600.37122;605.74542;9.50918;23.89633;35.01451;30.91334;18.25140;18.45200;0.60561;0.71810;56.75742;-41.54980;3.17520;3.95418;3.79528;2.08466
90.79797;90.54690;0.01101;0.01106;0.00391;1.00000;1.00000;94.59946;94.71218;109.93645;109.93456;108.86311;126.51263;126.51263;1.49419;-1.62135;141.30847;-0.33755;-1.01195;11.29159;0.41564;0.03681;8.54149;674.94446;621.84003;599.91028;605.24298;9.37503;23.71294;34.94714;30.86562;18.20510;18.40341;0.60661;0.71748;56.51235;-41.57589;3.16107;3.95392;3.80143;2.08775
89.54060;94.39305;0.01117;0.01108;0.00381;1.00000;1.00000;94.73837;94.83459;110.07674;110.07524;109.02296;126.67406;126.67407;1.47795;-1.61392;141.30534;-0.30076;-1.01000;11.28529;0.41438;0.03672;8.53199;675.00024;622.00977;599.55487;604.84338;9.25431;23.55870;34.89093;30.82659;18.16649;18.36232;0.60752;0.71704;56.29883;-41.59159;3.16529;3.95387;3.80689;2.09060
89.54373;83.80824;0.01117;0.01090;0.00377;1.00000;1.00000;94.86134;94.94382;110.20192;110.20071;109.16448;126.81812;126.81812;1.46373;-1.60667;141.30148;-0.26840;-1.00837;11.27984;0.41329;0.03664;8.52306;675.06476;622.18738;599.26361;604.51221;9.15262;23.41957;34.84212;30.79422;18.13342;18.32700;0.60835;0.71665;56.11470;-41.59912;3.15397;3.95401;3.81170;2.09309
85.62019;69.71556;0.01168;0.01125;0.00396;1.00000;1.00000;94.97282;95.04267;110.31525;110.31429;109.29278;126.94852;126.94852;1.45084;-1.60167;141.29730;-0.23968;-1.00705;11.27458;0.41230;0.03657;8.51514;675.12463;622.33295;598.98993;604.19916;9.04957;23.30299;34.79807;30.76385;18.10322;18.29470;0.60907;0.71639;55.94629;-41.60926;3.17424;3.95411;3.81612;2.09549
88.99686;81.99409;0.01124;0.01222;0.00387;1.00000;1.00000;95.07381;95.13246;110.41817;110.41740;109.40900;127.06697;127.06697;1.43945;-1.59567;141.29288;-0.21399;-1.00583;11.27007;0.41141;0.03651;8.50681;675.19653;622.50098;598.77618;603.95288;8.96841;23.19047;34.75960;30.73935;18.07737;18.26731;0.60978;0.71610;55.78612;-41.62321;3.16212;3.95418;3.82017;2.09753
83.41234;64.01229;0.01199;0.01157;0.00395;1.00000;1.00000;95.16458;95.21339;110.51095;110.51033;109.51345;127.17374;127.17374;1.42925;-1.59101;141.28839;-0.19070;-1.00480;11.26592;0.41063;0.03645;8.50053;675.27002;622.65100;598.58887;603.73334;8.89085;23.09447;34.72572;30.71725;18.05441;18.24291;0.61040;0.71590;55.64914;-41.63001;3.16465;3.95448;3.82377;2.09943
90.89565;93.21402;0.01100;0.01095;0.00374;1.00000;1.00000;95.24632;95.28587;110.59405;110.59355;109.60751;127.26936;127.26936;1.41995;-1.58660;141.28418;-0.16982;-1.00383;11.26211;0.40991;0.03640;8.49508;675.31824;622.77045;598.39862;603.51471;8.82123;23.00434;34.69382;30.69621;18.03300;18.22014;0.61097;0.71569;55.52626;-41.63722;3.16164;3.95477;3.82704;2.10113
88.19765;92.59259;0.01134;0.01102;0.00381;1.00000;1.00000;95.32015;95.35147;110.66928;110.66890;109.69247;127.35593;127.35594;1.41152;-1.58261;141.28017;-0.15132;-1.00297;11.25864;0.40926;0.03635;8.48934;675.35931;622.87512;598.22351;603.31262;8.75781;22.92244;34.66481;30.67699;18.01356;18.19942;0.61148;0.71555;55.41455;-41.64156;3.15950;3.95502;3.82995;2.10266
87.72733;79.14523;0.01140;0.01148;0.00396;1.00000;1.00000;95.38644;95.41029;110.73673;110.73641;109.76876;127.43356;127.43356;1.40386;-1.57889;141.27652;-0.13502;-1.00217;11.25543;0.40867;0.03631;8.48333;675.38403;622.95801;598.05139;603.11652;8.70051;22.84663;34.63779;30.65888;17.99553;18.18014;0.61194;0.71542;55.30542;-41.65420;3.15542;3.95510;3.83267;2.10403
90.23438;89.43743;0.01108;0.01099;0.00378;1.00000;1.00000;95.44663;95.46395;110.79828;110.79803;109.83803;127.50439;127.50439;1.39720;-1.57585;141.27341;-0.12051;-1.00145;11.25259;0.40815;0.03627;8.47921;675.43903;623.06006;597.93317;602.97626;8.64956;22.78302;34.61609;30.64464;17.98083;18.16432;0.61237;0.71535;55.21275;-41.66124;3.15770;3.95532;3.83509;2.10529
89.18011;85.82954;0.01121;0.01128;0.00391;1.00000;1.00000;95.50122;95.51308;110.85464;110.85445;109.90085;127.56925;127.56924;1.39119;-1.57273;141.27019;-0.10711;-1.00074;11.25009;0.40769;0.03624;8.47484;675.49579;623.16376;597.83398;602.85950;8.60619;22.72341;34.59679;30.63243;17.96783;18.15037;0.61278;0.71528;55.13571;-41.66487;3.15177;3.95570;3.83733;2.10646
85.83986;82.25714;0.01165;0.01087;0.00391;1.00000;1.00000;95.55024;95.55623;110.90414;110.90398;109.95725;127.62621;127.62620;1.38579;-1.57031;141.26767;-0.09524;-1.00014;11.24776;0.40727;0.03621;8.47104;675.53387;623.23975;597.73151;602.73914;8.56441;22.67164;34.57889;30.62051;17.95573;18.13738;0.61314;0.71523;55.06115;-41.66975;3.15437;3.95587;3.83927;2.10747
88.88406;92.43853;0.01125;0.01097;0.00378;1.00000;1.00000;95.59473;95.59637;110.95022;110.95010;110.00846;127.67924;127.67924;1.38114;-1.56787;141.26512;-0.08391;-0.99959;11.24582;0.40692;0.03618;8.46864;675.60400;623.34650;597.68219;602.67505;8.53097;22.62655;34.56532;30.61242;17.94650;18.12743;0.61350;0.71520;54.99894;-41.66746;3.15204;3.95619;3.84101;2.10840
88.07777;87.13078;0.01135;0.01136;0.00383;1.00000;1.00000;95.63501;95.63148;110.99051;110.99043;110.05481;127.72561;127.72562;1.37611;-1.56578;141.26295;-0.07411;-0.99914;11.24362;0.40653;0.03616;8.46535;675.57458;623.34949;597.51740;602.49823;8.49046;22.57640;34.54534;30.59783;17.93310;18.11348;0.61378;0.71509;54.92953;-41.67745;3.15078;3.95614;3.84267;2.10923
86.27624;76.78133;0.01159;0.01109;0.00373;1.00000;1.00000;95.67085;95.66385;111.02766;111.02760;110.09605;127.76836;127.76837;1.37176;-1.56369;141.26086;-0.06615;-0.99869;11.24175;0.40619;0.03613;8.46143;675.57477;623.38092;597.40094;602.37372;8.45759;22.53230;34.52930;30.58676;17.92232;18.10231;0.61406;0.71501;54.86943;-41.68547;3.14663;3.95621;3.84419;2.11000
88.20743;92.02172;0.01134;0.01127;0.00379;1.00000;1.00000;95.70392;95.69403;111.06234;111.06229;110.13411;127.80827;127.80827;1.36799;-1.56219;141.25923;-0.05952;-0.99831;11.24007;0.40590;0.03611;8.45949;675.60339;623.43250;597.32587;602.29156;8.42698;22.49718;34.51694;30.57833;17.91380;18.09342;0.61431;0.71499;54.81802;-41.68904;3.15186;3.95636;3.84555;2.11073
88.89270;91.19927;0.01125;0.01107;0.00389;1.00000;1.00000;95.73400;95.72020;111.09238;111.09234;110.16872;127.84283;127.84283;1.36506;-1.56022;141.25778;-0.05322;-0.99789;11.23886;0.40568;0.03610;8.45717;675.65283;623.51074;597.30176;602.26111;8.40856;22.46594;34.50850;30.57382;17.90823;18.08751;0.61455;0.71496;54.77601;-41.68844;3.14310;3.95656;3.84669;2.11129
90.54295;87.36677;0.01104;0.01106;0.00389;1.00000;1.00000;95.76099;95.74462;111.12043;111.12039;110.19978;127.87511;127.87511;1.36190;-1.55855;141.25597;-0.04737;-0.99745;11.23749;0.40543;0.03608;8.45478;675.66302;623.54651;597.22729;602.18066;8.38577;22.43316;34.49731;30.56644;17.90079;18.07969;0.61477;0.71491;54.73548;-41.69429;3.13831;3.95674;3.84788;2.11189
88.81259;89.27775;0.01126;0.01113;0.00394;1.00000;1.00000;95.78617;95.76867;111.14809;111.14806;110.22876;127.90694;127.90694;1.35899;-1.55707;141.25432;-0.04225;-0.99704;11.23620;0.40521;0.03606;8.45246;675.69293;623.59912;597.17828;602.12646;8.36452;22.40412;34.48810;30.56064;17.89454;18.07310;0.61498;0.71489;54.69698;-41.70141;3.13764;3.95697;3.84907;2.11251
87.97650;85.01955;0.01137;0.01117;0.00379;1.00000;1.00000;95.80962;95.79022;111.17287;111.17284;110.25575;127.93546;127.93546;1.35665;-1.55660;141.25365;-0.03742;-0.99686;11.23510;0.40503;0.03605;8.45062;675.74713;623.66205;597.16510;602.10815;8.34250;22.38668;34.48238;30.55688;17.89028;18.06857;0.61516;0.71494;54.66768;-41.69769;3.15202;3.95723;3.84998;2.11306
86.18980;84.21762;0.01160;0.01104;0.00396;1.00000;1.00000;95.83112;95.80779;111.19304;111.19302;110.28049;127.95867;127.95867;1.35399;-1.55531;141.25253;-0.03313;-0.99679;11.23398;0.40482;0.03604;8.44896;675.71741;623.65076;597.06256;602.00415;8.32188;22.35856;34.47102;30.54858;17.88276;18.06099;0.61531;0.71486;54.63197;-41.70095;3.14270;3.95719;3.85078;2.11345
86.17040;88.69180;0.01160;0.01123;0.00398;1.00000;1.00000;95.84950;95.82439;111.21214;111.21213;110.30164;127.98064;127.98065;1.35167;-1.55385;141.25127;-0.03020;-0.99643;11.23294;0.40464;0.03602;8.44847;675.70508;623.66095;596.99097;601.92731;8.30653;22.33192;34.46175;30.54239;17.87681;18.05471;0.61545;0.71479;54.59315;-41.71290;3.13526;3.95710;3.85165;2.11382
40.38736;21.23323;0.02476;0.01718;0.00561;1.00000;1.00000;95.86735;95.84177;111.23211;111.23210;110.32217;128.00363;128.00365;1.34991;-1.55292;141.25011;-0.02720;-0.99611;11.23219;0.40451;0.03601;8.44654;675.75720;623.72797;596.99878;601.92651;8.29398;22.31571;34.45792;30.54068;17.87421;18.05167;0.61561;0.71481;54.57149;-41.70744;3.13902;3.95736;3.85235;2.11423
88.79438;88.12125;0.01126;0.01961;0.00318;1.00000;1.00000;95.88457;95.85752;111.25024;111.25023;110.34200;128.02451;128.02451;1.34822;-1.55202;141.24893;-0.02430;-0.99592;11.23143;0.40438;0.03600;8.44569;675.79645;623.78107;596.99500;601.91394;8.28181;22.29954;34.45366;30.53847;17.87135;18.04840;0.61576;0.71482;54.54517;-41.71007;3.13842;3.95748;3.85309;2.11460
88.70765;84.70987;0.01127;0.01100;0.00378;1.00000;1.00000;95.90096;95.87358;111.26876;111.26875;110.36086;128.04581;128.04579;1.34655;-1.55092;141.24762;-0.02125;-0.99566;11.23072;0.40425;0.03599;8.44324;675.83966;623.84119;596.99634;601.90747;8.27113;22.28232;34.44961;30.53668;17.86867;18.04531;0.61591;0.71483;54.52139;-41.71069;3.13533;3.95767;3.85383;2.11498
87.00420;91.30753;0.01149;0.01092;0.00373;1.00000;1.00000;95.91636;95.88778;111.28513;111.28513;110.37858;128.06464;128.06465;1.34462;-1.55054;141.24701;-0.01827;-0.99548;11.22977;0.40410;0.03598;8.44295;675.83899;623.84821;596.94189;601.84509;8.25272;22.26613;34.44257;30.53130;17.86389;18.04012;0.61602;0.71482;54.49374;-41.71467;3.14491;3.95767;3.85451;2.11536
88.03342;92.21690;0.01136;0.01111;0.00380;1.00000;1.00000;95.93008;95.89820;111.29710;111.29709;110.39436;128.07841;128.07841;1.34311;-1.55014;141.24638;-0.01621;-0.99547;11.22906;0.40398;0.03598;8.44192;675.82831;623.84430;596.89087;601.78766;8.23881;22.25244;34.43653;30.52667;17.85989;18.03584;0.61610;0.71480;54.46815;-41.71944;3.14654;3.95756;3.85498;2.11559
89.21419;91.23255;0.01121;0.01122;0.00394;1.00000;1.00000;95.94116;95.90658;111.30673;111.30672;110.40712;128.08951;128.08949;1.34212;-1.54915;141.24567;-0.01427;-0.99535;11.22871;0.40391;0.03597;8.44128;675.83618;623.86603;596.87744;601.76978;8.23446;22.23958;34.43314;30.52497;17.85785;18.03362;0.61618;0.71477;54.45496;-41.71531;3.13539;3.95763;3.85528;2.11573
76.87468;73.73543;0.01301;0.01159;0.00409;1.00000;1.00000;95.95165;95.92835;111.33193;111.33193;110.41920;128.11850;128.11850;1.34098;-1.54558;141.24677;-0.01211;-0.98937;11.37139;0.40379;0.03551;8.54649;676.00439;624.05811;597.03296;601.89502;8.24688;22.21479;34.43694;30.53171;17.86067;18.03552;0.61648;0.71476;54.48000;-41.67493;3.05754;3.95908;3.85591;2.11602
87.22678;87.53500;0.01146;0.01232;0.00385;1.00000;1.00000;95.97309;95.95463;111.36235;111.36234;110.44386;128.15352;128.15349;1.33827;-1.54027;141.25006;-0.00857;-0.98156;11.37058;0.40358;0.03549;8.54436;676.06195;624.18042;597.03809;601.90277;8.25409;22.16223;34.42917;30.53047;17.85642;18.03122;0.61680;0.71457;54.44417;-41.67682;2.99271;3.95948;3.85716;2.11640
86.65617;86.58009;0.01154;0.01089;0.00383;1.00000;1.00000;95.99844;95.97956;111.39125;111.39126;110.47304;128.18677;128.18678;1.33506;-1.54173;141.25293;-0.00505;-0.97717;11.36866;0.40334;0.03548;8.54146;676.09137;624.19434;596.96045;601.81152;8.21000;22.14959;34.41965;30.52115;17.84893;18.02291;0.61696;0.71470;54.40747;-41.68042;3.05719;3.95968;3.85839;2.11725
88.05591;92.48981;0.01136;0.01095;0.00371;1.00000;1.00000;96.02332;96.00301;111.41843;111.41843;110.50166;128.21805;128.21805;1.33181;-1.53913;141.25499;-0.00304;-0.97478;11.36747;0.40309;0.03546;8.54041;676.07513;624.21191;596.85760;601.70929;8.19169;22.10877;34.40661;30.51275;17.84045;18.01443;0.61718;0.71458;54.36647;-41.68706;3.02131;3.95985;3.85953;2.11774
88.02228;83.39588;0.01136;0.01096;0.00395;1.00000;1.00000;96.04693;96.02475;111.44364;111.44363;110.52883;128.24706;128.24704;1.32908;-1.53722;141.25635;-0.00201;-0.97265;11.36625;0.40288;0.03545;8.53726;676.08478;624.25433;596.80023;601.64337;8.17506;22.07711;34.39696;30.50705;17.83438;18.00773;0.61738;0.71452;54.32875;-41.69105;3.01691;3.96000;3.86056;2.11825
87.33398;86.97166;0.01145;0.01137;0.00395;1.00000;1.00000;96.06927;96.04591;111.46821;111.46820;110.55454;128.27533;128.27533;1.32644;-1.53694;141.25703;-0.00167;-0.97168;11.36493;0.40267;0.03543;8.53513;676.10510;624.28552;596.74341;601.57745;8.14796;22.05746;34.38846;30.50081;17.82841;18.00122;0.61755;0.71455;54.29028;-41.69690;3.03479;3.96010;3.86158;2.11883
88.03858;90.80178;0.01136;0.01091;0.00365;1.00000;1.00000;96.09055;96.06656;111.49214;111.49214;110.57903;128.30287;128.30287;1.32403;-1.53577;141.25763;-0.00169;-0.97088;11.36384;0.40249;0.03542;8.53319;676.13446;624.33698;596.70935;601.53577;8.12949;22.03396;34.38105;30.49642;17.82350;17.99587;0.61773;0.71453;54.25526;-41.69987;3.03635;3.96026;3.86254;2.11933
81.90290;78.12500;0.01221;0.01132;0.00395;1.00000;1.00000;96.11127;96.08710;111.51600;111.51599;110.60288;128.33032;128.33031;1.32192;-1.53426;141.25812;-0.00180;-0.97036;11.36298;0.40232;0.03541;8.53164;676.19000;624.41614;596.71045;601.53198;8.11650;22.01161;34.37600;30.49437;17.82012;17.99220;0.61793;0.71452;54.22614;-41.69749;3.02862;3.96054;3.86344;2.11980
78.30148;73.92076;0.01277;0.01215;0.00411;1.00000;1.00000;96.13181;96.10755;111.53970;111.53970;110.62651;128.35759;128.35760;1.31975;-1.53347;141.25771;-0.00169;-0.96995;11.36197;0.40216;0.03540;8.52986;676.24194;624.48492;596.70319;601.51758;8.09824;21.99330;34.37072;30.49154;17.81642;17.98808;0.61812;0.71454;54.19512;-41.69773;3.03622;3.96077;3.86438;2.12032
81.82364;75.52300;0.01222;0.01215;0.00388;1.00000;1.00000;96.15275;96.12775;111.56313;111.56314;110.65061;128.38457;128.38458;1.31759;-1.53209;141.25722;-0.00164;-0.96958;11.36103;0.40199;0.03538;8.52809;676.28894;624.55457;596.69427;601.50208;8.08387;21.97084;34.36509;30.48884;17.81268;17.98397;0.61831;0.71453;54.16050;-41.70205;3.03108;3.96093;3.86534;2.12079
77.55205;80.71025;0.01289;0.01110;0.00392;1.00000;1.00000;96.17278;96.14678;111.58518;111.58518;110.67367;128.40994;128.40994;1.31547;-1.53055;141.25696;-0.00141;-0.96927;11.36013;0.40182;0.03537;8.52634;676.32300;624.61163;596.67554;601.47473;8.07094;21.94707;34.35891;30.48561;17.80870;17.97956;0.61849;0.71449;54.12653;-41.70539;3.02136;3.96105;3.86623;2.12120
86.97575;93.44921;0.01150;0.01277;0.00403;1.00000;1.00000;96.19213;96.16494;111.60626;111.60625;110.69593;128.43419;128.43419;1.31377;-1.52996;141.25620;-0.00100;-0.96893;11.35933;0.40169;0.03536;8.52591;676.38995;624.69189;596.69946;601.48755;8.05657;21.93398;34.35616;30.48469;17.80675;17.97703;0.61865;0.71454;54.10368;-41.69899;3.03236;3.96132;3.86696;2.12165
86.71433;78.22278;0.01153;0.01141;0.00394;1.00000;1.00000;96.21038;96.18182;111.62585;111.62586;110.71693;128.45673;128.45676;1.31176;-1.52915;141.25519;-0.00049;-0.96873;11.35843;0.40154;0.03535;8.52331;676.41199;624.72809;596.66791;601.44611;8.03994;21.91529;34.34996;30.48065;17.80258;17.97237;0.61880;0.71453;54.07799;-41.69679;3.03459;3.96149;3.86769;2.12206
84.88148;73.73000;0.01178;0.01101;0.00381;1.00000;1.00000;96.22778;96.19808;111.64471;111.64471;110.73695;128.47844;128.47844;1.30966;-1.52804;141.25400;-0.00067;-0.96854;11.35748;0.40138;0.03534;8.52183;676.41547;624.74896;596.61523;601.38617;8.02407;21.89317;34.34241;30.47558;17.79761;17.96702;0.61895;0.71448;54.04517;-41.70408;3.03023;3.96152;3.86851;2.12245
88.14650;93.77345;0.01134;0.01105;0.00368;1.00000;1.00000;96.24405;96.21447;111.66373;111.66373;110.75568;128.50034;128.50034;1.30783;-1.52710;141.25287;-0.00116;-0.96831;11.35662;0.40123;0.03533;8.52131;676.44794;624.79663;596.59961;601.36237;8.01056;21.87502;34.33740;30.47267;17.79422;17.96321;0.61910;0.71447;54.01517;-41.70953;3.02991;3.96162;3.86931;2.12284
90.21278;94.19745;0.01108;0.01101;0.00379;1.00000;1.00000;96.26089;96.23062;111.68246;111.68246;110.77505;128.52190;128.52190;1.30631;-1.52609;141.25163;-0.00129;-0.96807;11.35600;0.40112;0.03532;8.52000;676.50421;624.86884;596.61823;601.37262;8.00078;21.85991;34.33463;30.47190;17.79233;17.96092;0.61925;0.71449;53.99874;-41.70101;3.02827;3.96195;3.86994;2.12321
89.46535;94.28625;0.01118;0.01135;0.00394;1.00000;1.00000;96.27660;96.24686;111.70129;111.70129;110.79313;128.54355;128.54355;1.30434;-1.52521;141.25053;-0.00158;-0.96784;11.35503;0.40096;0.03531;8.51716;676.52179;624.90021;596.58209;601.32849;7.98515;21.84053;34.32838;30.46771;17.78809;17.95627;0.61940;0.71447;53.96102;-41.71556;3.02943;3.96190;3.87086;2.12362
89.88161;87.30574;0.01113;0.01134;0.00386;1.00000;1.00000;96.29318;96.26300;111.72002;111.72002;110.81222;128.56511;128.56511;1.30287;-1.52422;141.24930;-0.00144;-0.96761;11.35444;0.40085;0.03530;8.51594;676.58398;624.97791;596.60718;601.34760;7.97603;21.82615;34.32614;30.46739;17.78649;17.95437;0.61956;0.71449;53.94585;-41.70568;3.02757;3.96225;3.87148;2.12399
85.87907;86.82816;0.01164;0.01103;0.00386;1.00000;1.00000;96.30961;96.27893;111.73849;111.73848;110.83112;128.58636;128.58635;1.30099;-1.52320;141.24806;-0.00153;-0.96737;11.35358;0.40071;0.03529;8.51562;676.60455;625.01453;596.57581;601.31384;7.96226;21.80663;34.32033;30.46377;17.78250;17.95022;0.61970;0.71447;53.91712;-41.71091;3.02567;3.96234;3.87226;2.12438
89.16597;93.07520;0.01122;0.01134;0.00396;1.00000;1.00000;96.32615;96.29493;111.75704;111.75703;110.85016;128.60771;128.60770;1.29918;-1.52233;141.24695;-0.00175;-0.96715;11.35275;0.40057;0.03528;8.51417;676.63361;625.05725;596.55383;601.28931;7.94837;21.78895;34.31522;30.46061;17.77892;17.94647;0.61985;0.71446;53.89249;-41.71170;3.02661;3.96251;3.87300;2.12477
85.01743;73.45919;0.01176;0.01134;0.00391;1.00000;1.00000;96.34206;96.31071;111.77534;111.77534;110.86847;128.62878;128.62878;1.29779;-1.52134;141.24574;-0.00181;-0.96692;11.35216;0.40046;0.03528;8.51189;676.69794;625.13690;596.58167;601.31482;7.93993;21.77511;34.31339;30.46062;17.77752;17.94493;0.62000;0.71448;53.87275;-41.70799;3.02493;3.96277;3.87367;2.12513
89.34067;89.97659;0.01119;0.01138;0.00403;1.00000;1.00000;96.35831;96.32558;111.79260;111.79261;110.88717;128.64864;128.64865;1.29621;-1.52116;141.24533;-0.00150;-0.96679;11.35137;0.40034;0.03527;8.51032;676.73859;625.18085;596.57397;601.30505;7.92393;21.76410;34.30990;30.45810;17.77472;17.94204;0.62013;0.71452;53.85110;-41.70634;3.03715;3.96292;3.87432;2.12552
89.14007;91.80207;0.01122;0.01103;0.00379;1.00000;1.00000;96.37302;96.33942;111.80864;111.80863;110.90410;128.66710;128.66708;1.29419;-1.52010;141.24570;-0.00146;-0.96679;11.35049;0.40018;0.03526;8.51014;676.72150;625.17523;596.49677;601.23199;7.90880;21.74165;34.30170;30.45189;17.76906;17.93663;0.62025;0.71445;53.81857;-41.71624;3.02509;3.96286;3.87507;2.12584
86.96058;88.54259;0.01150;0.01107;0.00390;1.00000;1.00000;96.38690;96.35260;111.82393;111.82393;110.92007;128.68468;128.68468;1.29286;-1.51928;141.24644;-0.00214;-0.96644;11.34986;0.40008;0.03525;8.50779;676.75964;625.22382;596.49841;601.23230;7.89987;21.72786;34.29885;30.45040;17.76697;17.93445;0.62038;0.71445;53.79945;-41.71544;3.02703;3.96302;3.87563;2.12614
89.39523;94.46439;0.01119;0.01106;0.00383;1.00000;1.00000;96.40036;96.36588;111.83931;111.83930;110.93555;128.70239;128.70238;1.29176;-1.51816;141.24699;-0.00216;-0.96623;11.34946;0.39999;0.03524;8.50798;676.81995;625.29834;596.53040;601.26605;7.89561;21.71509;34.29784;30.45103;17.76614;17.93371;0.62052;0.71446;53.78283;-41.71192;3.01775;3.96325;3.87619;2.12641
89.20234;92.88501;0.01121;0.01112;0.00383;1.00000;1.00000;96.41343;96.37890;111.85442;111.85441;110.95060;128.71977;128.71976;1.29043;-1.51758;141.24779;-0.00186;-0.96602;11.34881;0.39989;0.03524;8.50680;676.85791;625.34418;596.53058;601.26270;7.88511;21.70297;34.29498;30.44941;17.76400;17.93142;0.62064;0.71448;53.75982;-41.71594;3.02035;3.96334;3.87683;2.12673
88.28335;90.96698;0.01133;0.01105;0.00391;1.00000;1.00000;96.42653;96.39191;111.86950;111.86949;110.96567;128.73712;128.73712;1.28885;-1.51694;141.24860;-0.00149;-0.96581;11.34805;0.39977;0.03523;8.50554;676.87238;625.36786;596.50098;601.22681;7.87212;21.68777;34.29004;30.44592;17.76059;17.92773;0.62075;0.71446;53.73663;-41.71992;3.02193;3.96341;3.87748;2.12706
88.79825;90.77705;0.01126;0.01171;0.00403;1.00000;1.00000;96.43991;96.40527;111.88499;111.88499;110.98107;128.75496;128.75496;1.28758;-1.51645;141.24899;-0.00121;-0.96561;11.34744;0.39967;0.03522;8.50436;676.91962;625.42377;596.51416;601.23138;7.86156;21.67720;34.28784;30.44500;17.75897;17.92572;0.62087;0.71450;53.71888;-41.71857;3.02717;3.96362;3.87808;2.12740
89.04665;92.29350;0.01123;0.01104;0.00386;1.00000;1.00000;96.45293;96.41772;111.89943;111.89944;110.99605;128.77156;128.77158;1.28617;-1.51552;141.24940;-0.00072;-0.96543;11.34682;0.39956;0.03521;8.50325;676.93970;625.45831;596.49866;601.20923;7.85220;21.66183;34.28368;30.44267;17.75625;17.92272;0.62099;0.71448;53.69849;-41.71907;3.02227;3.96373;3.87865;2.12768
90.18675;93.14456;0.01109;0.01168;0.00399;1.00000;1.00000;96.46561;96.42797;111.91132;111.91132;111.01064;128.78525;128.78525;1.28530;-1.51461;141.24875;-0.00023;-0.96520;11.34645;0.39949;0.03521;8.50246;676.97919;625.51520;596.52246;601.22473;7.84854;21.65143;34.28234;30.44314;17.75559;17.92168;0.62110;0.71448;53.68241;-41.71592;3.01726;3.96383;3.87904;2.12787
89.24754;93.79983;0.01120;0.01127;0.00396;1.00000;1.00000;96.47620;96.43742;111.92228;111.92228;111.02283;128.79787;128.79787;1.28441;-1.51381;141.24773;0.00075;-0.96495;11.34608;0.39942;0.03520;8.50169;677.00793;625.56030;596.53455;601.22772;7.84406;21.64128;34.28043;30.44294;17.75458;17.92023;0.62119;0.71448;53.67054;-41.71080;3.01472;3.96398;3.87940;2.12808
83.53559;91.49131;0.01197;0.01138;0.00391;1.00000;1.00000;96.48579;96.44611;111.93237;111.93236;111.03387;128.80948;128.80946;1.28301;-1.51323;141.24680;0.00145;-0.96472;11.34538;0.39932;0.03520;8.50069;676.98273;625.54779;596.47369;601.15802;7.83248;21.62639;34.27407;30.43826;17.75056;17.91578;0.62126;0.71443;53.65049;-41.71590;3.01650;3.96393;3.87986;2.12831
87.73388;96.56239;0.01140;0.01103;0.00394;1.00000;1.00000;96.49494;96.45443;111.94203;111.94204;111.04440;128.82060;128.82060;1.28161;-1.51298;141.24590;0.00125;-0.96469;11.34464;0.39921;0.03519;8.49971;676.95459;625.52618;596.40546;601.08270;7.81846;21.61340;34.26761;30.43302;17.74628;17.91117;0.62132;0.71439;53.62761;-41.72495;3.02120;3.96383;3.88034;2.12854
89.22924;91.80207;0.01121;0.01118;0.00396;1.00000;1.00000;96.50322;96.46268;111.95162;111.95163;111.05392;128.83163;128.83163;1.28052;-1.51258;141.24500;0.00037;-0.96464;11.34414;0.39912;0.03518;8.49890;676.95447;625.53381;596.37531;601.04810;7.80903;21.60289;34.26368;30.43023;17.74365;17.90833;0.62139;0.71438;53.61662;-41.72280;3.02310;3.96394;3.88068;2.12876
86.42994;90.58791;0.01157;0.01161;0.00413;1.00000;1.00000;96.51189;96.47121;111.96150;111.96149;111.06391;128.84300;128.84299;1.27961;-1.51209;141.24419;-0.00075;-0.96462;11.34375;0.39905;0.03518;8.49814;676.97363;625.56079;596.36792;601.04120;7.80225;21.59378;34.26129;30.42892;17.74193;17.90664;0.62147;0.71438;53.60722;-41.71968;3.02140;3.96410;3.88104;2.12896
85.99718;93.96730;0.01163;0.01179;0.00408;1.00000;1.00000;96.52016;96.47961;111.97126;111.97126;111.07342;128.85423;128.85423;1.27883;-1.51161;141.24341;-0.00165;-0.96453;11.34334;0.39899;0.03517;8.49739;677.00464;625.59930;596.37701;601.05060;7.79698;21.58623;34.26002;30.42860;17.74094;17.90566;0.62155;0.71439;53.58631;-41.72892;3.02116;3.96408;3.88153;2.12916
86.74969;84.81045;0.01153;0.01112;0.00389;1.00000;1.00000;96.52912;96.48793;111.98087;111.98087;111.08373;128.86530;128.86530;1.27823;-1.51114;141.24268;-0.00191;-0.96442;11.34315;0.39895;0.03517;8.49567;677.05103;625.65204;596.40680;601.08093;7.79365;21.58075;34.26017;30.42952;17.74086;17.90561;0.62164;0.71442;53.58540;-41.71657;3.02049;3.96438;3.88176;2.12935
86.14647;74.59347;0.01161;0.01156;0.00391;1.00000;1.00000;96.53716;96.49632;111.99060;111.99061;111.09299;128.87650;128.87650;1.27739;-1.51076;141.24203;-0.00215;-0.96433;11.34276;0.39888;0.03517;8.49507;677.07751;625.68372;596.40857;601.08307;7.78714;21.57312;34.25850;30.42866;17.73956;17.90434;0.62172;0.71443;53.57319;-41.71673;3.02137;3.96448;3.88215;2.12955
86.96944;86.19946;0.01150;0.01094;0.00383;1.00000;1.00000;96.54552;96.50459;112.00018;112.00018;111.10261;128.88751;128.88751;1.27665;-1.51034;141.24139;-0.00215;-0.96423;11.34238;0.39882;0.03516;8.49420;677.11053;625.72247;596.41986;601.09515;7.78179;21.56626;34.25749;30.42844;17.73869;17.90351;0.62180;0.71445;53.55614;-41.72227;3.02135;3.96451;3.88259;2.12974
85.25724;93.57162;0.01173;0.01111;0.00381;1.00000;1.00000;96.55380;96.51274;112.00964;112.00964;111.11214;128.89839;128.89839;1.27635;-1.50994;141.24074;-0.00132;-0.96410;11.34228;0.39880;0.03516;8.49483;677.18268;625.80005;596.48431;601.16089;7.78134;21.56439;34.25999;30.43149;17.74011;17.90500;0.62189;0.71450;53.54998;-41.71641;3.02110;3.96473;3.88288;2.12991
87.66422;92.03018;0.01141;0.01164;0.00389;1.00000;1.00000;96.56240;96.52071;112.01888;112.01888;111.12203;128.90903;128.90903;1.27543;-1.50953;141.24011;0.00014;-0.96399;11.34187;0.39873;0.03516;8.49411;677.19641;625.81934;596.47083;601.14807;7.77407;21.55563;34.25740;30.42977;17.73822;17.90316;0.62196;0.71450;53.53780;-41.71653;3.02030;3.96481;3.88326;2.13011
88.51284;78.35148;0.01130;0.01105;0.00392;1.00000;1.00000;96.57018;96.52869;112.02814;112.02814;111.13097;128.91969;128.91969;1.27405;-1.50899;141.23933;0.00104;-0.96388;11.34120;0.39862;0.03515;8.49214;677.16559;625.79590;596.39917;601.07446;7.76229;21.54050;34.25084;30.42450;17.73384;17.89870;0.62202;0.71445;53.51886;-41.72314;3.01777;3.96477;3.88371;2.13032
87.21722;89.89572;0.01147;0.01154;0.00400;1.00000;1.00000;96.57816;96.53657;112.03728;112.03728;111.14017;128.93021;128.93021;1.27268;-1.50848;141.23859;0.00099;-0.96378;11.34052;0.39852;0.03514;8.49225;677.13501;625.77307;596.32990;601.00061;7.75067;21.52572;34.24440;30.41932;17.72959;17.89424;0.62209;0.71439;53.49837;-41.73173;3.01646;3.96470;3.88417;2.13053
110.91268;94.92169;0.00902;0.00587;0.00356;1.00000;1.00000;96.58398;96.54224;112.04388;112.04387;111.14687;128.93779;128.93779;1.27232;-1.50811;141.23805;0.00011;-0.96371;11.34044;0.39849;0.03514;8.49185;677.17108;625.81354;596.36133;601.01935;7.74929;21.52194;34.24488;30.42030;17.73001;17.89411;0.62215;0.71441;53.50732;-41.71452;3.01568;3.96504;3.88420;2.13066
87.64247;84.41668;0.01141;0.01180;0.00489;1.00000;1.00000;96.59182;96.55032;112.05324;112.05323;111.15588;128.94858;128.94856;1.27403;-1.50777;141.23744;-0.00307;-0.96349;11.34139;0.39862;0.03515;8.49105;677.42865;626.07776;596.67957;601.33386;7.77131;21.54371;34.26383;30.43881;17.74232;17.90628;0.62229;0.71467;53.51956;-41.69106;3.01865;3.96568;3.88429;2.13076
89.64263;82.31130;0.01116;0.01104;0.00348;1.00000;1.00000;96.59996;96.55839;112.06258;112.06257;111.16525;128.95932;128.95930;1.27448;-1.50727;141.23669;-0.00290;-0.96322;11.34171;0.39866;0.03515;8.49089;677.56842;626.22650;596.83856;601.49231;7.78004;21.54994;34.27235;30.44777;17.74783;17.91176;0.62240;0.71480;53.52432;-41.67410;3.01755;3.96608;3.88446;2.13089
86.57592;88.28463;0.01155;0.01118;0.00372;1.00000;1.00000;96.60806;96.56628;112.07172;112.07172;111.17458;128.96983;128.96985;1.27377;-1.50674;141.23595;-0.00151;-0.96296;11.34138;0.39860;0.03515;8.49130;677.59796;626.26508;596.84894;601.50269;7.77579;21.54247;34.27121;30.44766;17.74699;17.91090;0.62248;0.71480;53.51044;-41.67617;3.01603;3.96613;3.88487;2.13107
87.98187;90.04954;0.01137;0.01128;0.00368;1.00000;1.00000;96.61581;96.57406;112.08073;112.08073;111.18349;128.98021;128.98021;1.27272;-1.50624;141.23520;-0.00003;-0.96274;11.34089;0.39852;0.03514;8.49053;677.59552;626.27081;596.81885;601.46759;7.76770;21.53140;34.26730;30.44489;17.74444;17.90812;0.62255;0.71478;53.49580;-41.67892;3.01548;3.96615;3.88527;2.13127
89.12128;91.99632;0.01122;0.01104;0.00375;1.00000;1.00000;96.62428;96.58196;112.08990;112.08990;111.19324;128.99075;128.99075;1.27164;-1.50570;141.23444;0.00086;-0.96257;11.34037;0.39844;0.03513;8.48971;677.59070;626.27478;596.78510;601.42841;7.75936;21.51958;34.26311;30.44192;17.74171;17.90513;0.62262;0.71475;53.48242;-41.68059;3.01453;3.96621;3.88565;2.13147
88.27666;89.74244;0.01133;0.01136;0.00395;1.00000;1.00000;96.63190;96.58987;112.09908;112.09907;111.20200;129.00131;129.00131;1.27036;-1.50551;141.23367;0.00137;-0.96253;11.33972;0.39834;0.03513;8.48879;677.57019;626.25763;596.72632;601.36353;7.74639;21.50803;34.25752;30.43721;17.73792;17.90107;0.62267;0.71473;53.46536;-41.68531;3.01906;3.96620;3.88608;2.13171
89.31116;84.94733;0.01120;0.01121;0.00395;1.00000;1.00000;96.63971;96.59786;112.10837;112.10835;111.21100;129.01201;129.01199;1.26961;-1.50497;141.23291;0.00132;-0.96246;11.33938;0.39828;0.03512;8.48699;677.59821;626.29419;596.73413;601.37128;7.74176;21.50019;34.25620;30.43693;17.73696;17.90010;0.62275;0.71473;53.45366;-41.68571;3.01674;3.96631;3.88643;2.13189
89.93958;90.74410;0.01112;0.01201;0.00421;1.00000;1.00000;96.64725;96.59229;112.10191;112.10191;111.21967;129.00458;129.00458;1.26745;-1.50463;141.23312;0.00005;-0.96291;11.33888;0.39806;0.03511;8.91164;677.08484;626.01959;595.94855;601.56842;7.69041;21.49461;34.21961;30.42044;17.70445;17.90923;0.62232;0.71433;52.85537;-41.33030;3.27885;3.94942;3.87588;2.12668
87.70299;89.99281;0.01140;0.01196;0.00394;1.00000;1.00000;96.62048;96.46745;111.95697;111.95696;111.18887;128.83778;128.83778;1.27250;-1.44061;141.23947;-0.01996;-0.96134;11.35786;0.39809;0.03505;9.51265;674.14270;624.82220;594.53760;601.50116;7.96495;21.19751;34.06758;30.40144;17.66023;17.92903;0.61963;0.70800;48.73165;-38.03575;3.77913;3.82580;3.78437;2.07750
87.63902;86.89607;0.01141;0.01113;0.00374;1.00000;1.00000;96.48331;96.17060;111.61221;111.61214;111.03102;128.44106;128.44106;1.30301;-1.23345;141.26646;-0.06586;-0.92379;11.40670;0.39972;0.03504;10.10651;668.37219;624.40540;594.53662;602.09082;9.29975;20.26284;33.81454;30.53934;17.70015;18.00734;0.61736;0.69280;42.64430;-32.25955;2.79101;3.64384;3.62779;1.98657
87.01778;86.08816;0.01149;0.01105;0.00385;1.00000;1.00000;96.19297;95.71049;111.07766;111.07736;110.69690;127.82590;127.82590;1.35413;-0.98591;141.31264;-0.13430;-0.83987;11.46277;0.40264;0.03513;10.87747;661.02112;623.94684;594.92682;602.39648;11.03615;19.27210;33.53708;30.75648;17.78636;18.10198;0.61516;0.67514;35.94001;-25.31425;1.93247;3.50149;3.39820;1.88618
88.15311;94.07337;0.01134;0.01149;0.00405;1.00000;1.00000;95.73557;95.07789;110.34250;110.34175;110.17052;126.97989;126.97989;1.44921;-0.75617;141.35831;-0.21136;-0.73404;11.53355;0.40857;0.03542;11.44144;654.36566;624.62207;598.62939;605.57941;12.99228;18.85851;33.45609;31.18167;18.05398;18.35899;0.61271;0.65974;29.28117;-18.22380;1.73901;3.30677;3.23972;1.78677
89.88657;89.74244;0.01113;0.01111;0.00383;1.00000;1.00000;95.10447;94.26488;109.39759;109.39629;109.44427;125.89250;125.89252;1.56524;-0.50781;141.38831;-0.28115;-0.61635;11.61119;0.41580;0.03581;12.25717;646.10571;623.93756;602.37585;608.58698;15.12671;18.51882;33.36574;31.63720;18.36732;18.65340;0.61146;0.64245;22.78421;-11.00404;1.07859;3.11856;3.09321;1.65502
87.21725;87.55034;0.01147;0.01115;0.00386;1.00000;1.00000;94.28670;93.27705;108.24943;108.24741;108.50320;124.57123;124.57123;1.70685;-0.25994;141.39467;-0.35016;-0.48722;11.68943;0.42486;0.03635;14.39841;637.43713;622.64026;606.50256;611.87268;17.36426;18.38601;33.33726;32.16254;18.75293;19.01266;0.61240;0.62531;16.67755;-3.90106;0.54320;2.94329;2.96763;1.56487
87.79491;90.45680;0.01139;0.01124;0.00377;1.00000;1.00000;93.29837;92.13882;106.92645;106.92364;107.36585;123.04876;123.04875;1.87377;-0.03228;141.37029;-0.41485;-0.35892;11.76332;0.43582;0.03705;-759.40381;629.04572;620.89905;610.93286;615.51648;19.56778;18.55496;33.41137;32.75436;19.21316;19.44637;0.61528;0.60994;11.09192;2.91023;0.25376;2.78432;2.86585;1.48190
88.58849;86.36324;0.01129;0.01103;0.00376;1.00000;1.00000;92.15206;90.85703;105.43661;105.43303;106.04670;121.33429;121.33430;2.06557;0.18480;141.31459;-0.47275;-0.23690;11.82816;0.44863;0.03793;7.34780;620.74249;618.67627;615.31781;619.27881;21.75124;18.92644;33.57319;33.41439;19.73866;19.95250;0.62072;0.59598;5.99648;9.38652;0.08113;2.63790;2.79057;1.40515
79.33230;60.47777;0.01261;0.01110;0.00387;1.00000;1.00000;90.87852;89.47215;103.82696;103.82211;104.58113;119.48193;119.48193;2.25760;0.29542;141.24672;-0.55418;-0.09309;11.96153;0.46111;0.03855;9.38561;610.48755;613.23547;616.89343;621.18250;23.19171;19.81901;33.65064;33.90575;20.19366;20.41820;0.62128;0.58630;7.91443;8.02496;-2.17639;2.65541;2.65086;1.34437
90.08147;94.72388;0.01110;0.01155;0.00385;1.00000;1.00000;89.47729;87.98624;102.09983;102.09447;102.96864;117.49439;117.49440;2.52549;0.14495;141.14743;-0.58725;-0.01791;11.85470;0.48089;0.04057;11.12871;610.44189;612.22064;624.32806;628.66058;24.02337;22.44720;34.58607;34.75124;21.03740;21.26333;0.61818;0.60009;9.41110;9.50263;0.74409;2.59032;2.58879;1.28851
89.20638;90.58791;0.01121;0.01112;0.00383;1.00000;1.00000;87.97733;86.44006;100.30289;100.29781;101.24251;115.42651;115.42651;2.78256;0.13754;141.02765;-0.57663;-0.00087;11.84683;0.49962;0.04217;11.99189;607.30383;609.13037;628.05847;632.42639;25.37081;23.98998;35.28486;35.47440;21.74865;22.00062;0.62280;0.60561;10.43367;10.59361;0.49414;2.52494;2.52276;1.20911
86.58556;86.22176;0.01155;0.01140;0.00382;1.00000;1.00000;86.42338;84.88086;98.49108;98.48656;99.45425;113.34151;113.34150;3.04416;0.19996;140.92619;-0.54819;0.02592;11.81765;0.51867;0.04389;12.57670;603.14038;605.59644;630.62329;634.80347;26.98774;25.03336;35.93471;36.19662;22.46621;22.71719;0.63425;0.60725;11.41879;11.61161;-0.43772;2.46132;2.45855;1.13259
86.88808;85.32423;0.01151;0.01218;0.00406;1.00000;1.00000;84.85387;83.32609;96.68468;96.68080;97.64809;111.26275;111.26275;3.31325;0.16588;140.84097;-0.51301;0.04271;11.76950;0.53829;0.04574;12.64658;599.13080;601.29523;632.70660;636.48627;28.03564;26.48261;36.63729;36.87083;23.21494;23.44532;0.64108;0.61765;12.33288;12.50186;0.20184;2.39905;2.39712;1.08276
88.00020;89.13450;0.01136;0.01144;0.00357;1.00000;1.00000;83.26453;81.75899;94.86427;94.86096;95.81911;109.16785;109.16785;3.59632;0.13108;140.76653;-0.47800;0.04009;11.70123;0.55889;0.04776;12.59521;594.99335;596.74664;634.29236;637.86200;29.04320;27.88169;37.37823;37.57663;23.99896;24.23135;0.64944;0.63080;13.17942;13.33381;0.59604;2.34030;2.33875;1.03379
88.95393;90.90083;0.01124;0.01140;0.00336;1.00000;1.00000;81.67987;80.19821;93.05142;93.04857;93.99552;107.08167;107.08168;3.89265;0.14884;140.71202;-0.44922;0.03835;11.61366;0.58042;0.04998;12.49384;590.62347;592.35065;635.49615;639.02936;30.25993;28.97746;38.14002;38.34394;24.81960;25.06505;0.66444;0.64192;13.95969;14.10288;0.24491;2.28514;2.28330;0.98553
88.11658;82.87750;0.01135;0.01112;0.00344;1.00000;1.00000;80.09199;78.63378;91.23456;91.23201;92.16821;104.99086;104.99087;4.20858;0.15885;140.67691;-0.42831;0.04171;11.50462;0.60335;0.05244;12.35551;586.41003;588.06104;636.80817;640.22839;31.42593;30.09246;38.97871;39.17798;25.72674;25.97501;0.68218;0.65681;14.70297;14.80301;0.12078;2.23499;2.23335;0.93809
85.48973;85.25876;0.01170;0.01102;0.00352;1.00000;1.00000;78.48972;77.05936;89.40627;89.40392;90.32436;102.88690;102.88689;4.54525;0.15010;140.65327;-0.41479;0.04216;11.37517;0.62775;0.05519;12.19117;582.26190;583.70288;638.07800;641.32922;32.48357;31.26643;39.89591;40.07472;26.71515;26.96230;0.70092;0.67634;15.37003;15.44940;0.28036;2.18855;2.18716;0.87609
89.27357;84.88244;0.01120;0.01116;0.00370;1.00000;1.00000;76.87952;75.47878;87.57095;87.56870;88.47137;100.77485;100.77485;4.90509;0.15075;140.63698;-0.41056;0.04100;11.22297;0.65381;0.05826;12.01543;578.15527;579.47034;639.33838;642.45538;33.56144;32.38189;40.88955;41.05848;27.79406;28.04433;0.72441;0.69817;15.97573;16.04169;0.23448;2.14702;2.14556;0.83041
81.98637;87.06251;0.01220;0.01115;0.00376;1.00000;1.00000;75.26989;73.90192;85.74004;85.73780;86.61904;98.66788;98.66789;5.28872;0.15638;140.62633;-0.41519;0.04112;11.04896;0.68154;0.06168;11.79292;574.16827;575.42419;640.68378;643.64532;34.63775;33.45750;41.97493;42.14113;28.97578;29.22558;0.75188;0.72338;16.51961;16.57461;0.16020;2.10805;2.10666;0.78559
87.33636;78.83949;0.01145;0.01135;0.00366;1.00000;1.00000;73.64548;72.31017;83.89194;83.88962;84.74971;96.54112;96.54113;5.70271;0.15381;140.61772;-0.42702;0.04106;10.85193;0.71143;0.06556;11.51721;570.27588;571.45032;642.12109;644.88080;35.66975;34.55490;43.17168;43.33125;30.28478;30.52875;0.78249;0.75408;17.00143;17.04706;0.20515;2.07354;2.07229;0.72596
89.14184;90.87605;0.01122;0.01111;0.00365;1.00000;1.00000;72.00076;70.70622;82.02969;82.02719;82.85700;94.39809;94.39809;6.15033;0.14804;140.60872;-0.44741;0.03943;10.62987;0.74370;0.06996;11.24307;566.50623;567.59552;643.66370;646.22552;36.68048;35.65491;44.49816;44.65154;31.73307;31.97237;0.81780;0.78972;17.41727;17.45770;0.22938;2.04490;2.04383;0.68595
89.96822;91.05810;0.01112;0.01105;0.00372;1.00000;1.00000;70.34939;69.09541;80.15952;80.15677;80.95663;92.24593;92.24593;6.63281;0.14233;140.59941;-0.47421;0.03723;10.38469;0.77840;0.07496;10.94359;562.82886;563.84943;645.23981;647.58734;37.67478;36.73452;45.95479;46.10328;33.33096;33.56240;0.85847;0.83041;17.75794;17.79456;0.27400;2.02028;2.01933;0.64302
90.62553;91.30753;0.01103;0.01103;0.00367;1.00000;1.00000;68.27248;67.46166;78.26273;78.25961;78.56657;90.06315;90.06314;7.16077;0.13561;140.58997;-0.51159;0.03438;10.11295;0.81569;0.08066;10.59420;559.28412;560.22681;646.02246;648.18243;38.66743;37.81455;47.58707;47.72902;35.03096;35.25615;0.90499;0.87756;18.02364;18.05641;0.31626;2.00186;2.00104;0.60282
89.14302;92.62689;0.01122;0.01092;0.00374;1.00000;1.00000;66.07640;65.81799;76.35445;76.35070;76.03937;87.86713;87.86712;7.72932;0.12956;140.58083;-0.56674;0.03148;9.75554;0.85545;0.08769;11.22095;555.65570;556.51709;645.69556;647.52252;39.62649;38.85072;49.36106;49.49504;36.80058;37.00298;0.95748;0.93064;18.26436;18.29224;0.34714;1.98855;1.98779;0.56066
90.43082;86.94141;0.01106;0.01095;0.00354;1.00000;1.00000;63.83294;64.16736;74.43797;74.43304;73.45764;85.66170;85.66171;8.34055;0.12744;140.57059;-0.66016;0.02930;9.51602;0.89641;0.09420;30.50843;551.74689;552.49811;644.52759;644.88464;40.55937;39.82713;51.23465;51.35338;38.67649;38.72332;1.01619;0.98901;18.44073;18.45644;0.34404;1.98045;1.97974;0.50934
88.54527;89.02341;0.01129;0.01102;0.00355;1.00000;1.00000;61.60526;62.59585;72.61313;72.60606;70.89407;83.56171;83.56171;8.98520;0.12212;140.55525;-0.79952;0.02808;9.19756;0.93867;0.10206;0.48744;548.42004;549.14319;642.83374;641.73761;41.49247;40.82952;53.24569;53.36016;40.60946;40.47914;1.08165;1.05460;18.61091;18.62538;0.37570;1.98229;1.98174;0.48277
88.06754;88.80205;0.01135;0.01139;0.00377;1.00000;1.00000;59.47307;61.14666;70.92984;70.91602;68.44038;81.62461;81.62462;9.22112;0.00392;140.55330;-1.13183;0.01388;9.03021;0.95303;0.10554;6.12160;532.76886;534.21741;623.27350;621.39087;40.27147;40.38515;52.46019;52.56667;40.07618;39.83699;1.06018;1.05834;15.27857;16.12814;2.20045;1.69730;1.81285;0.46604
90.23328;86.81310;0.01108;0.01084;0.00372;1.00000;1.00000;57.54807;59.88852;69.46712;69.43311;66.22514;79.94133;79.94133;9.70901;-0.14955;140.59334;-1.79301;-0.03418;8.80024;0.98656;0.11211;7.36914;527.94434;528.06598;616.11438;614.83075;40.41298;41.16813;53.56456;53.42458;41.01987;40.84868;1.09047;1.11514;20.41132;17.72965;1.89039;1.76697;1.76963;0.43582
86.23784;86.25151;0.01160;0.01120;0.00369;1.00000;1.00000;55.86868;58.87162;68.28274;68.20660;64.29253;78.57838;78.57838;9.87202;-0.34020;140.68895;-2.70603;-0.08349;8.71853;0.99631;0.11428;7.54065;516.25946;515.18787;601.05719;600.07092;39.34454;40.93480;52.88515;52.50915;40.46842;40.32006;1.06539;1.12574;20.32922;15.48762;2.33391;1.73771;1.67889;0.42718
88.43558;92.86776;0.01131;0.01096;0.00375;1.00000;1.00000;54.54782;58.20023;67.49706;67.33797;62.77251;77.67424;77.67424;9.97200;-0.51044;140.82875;-3.93475;-0.13764;8.67030;1.00234;0.11561;7.41917;508.25650;506.20776;590.79834;589.88458;38.48944;40.82734;52.37662;51.81855;40.04128;39.91711;1.04247;1.13546;20.41455;14.42777;2.81163;1.71969;1.62766;0.42363
88.70499;93.19664;0.01127;0.01099;0.00378;1.00000;1.00000;53.66986;57.92263;67.16542;66.87432;61.76218;77.29259;77.29259;10.00848;-0.59971;141.01700;-5.33629;-0.18628;8.65232;1.00437;0.11608;7.29016;504.88303;502.29544;586.39270;585.49628;38.07261;40.80911;52.13793;51.49523;39.82122;39.73784;1.03015;1.14085;20.27517;13.74539;2.96551;1.70965;1.60270;0.42255
85.12092;69.67184;0.01175;0.01117;0.00389;1.00000;1.00000;53.30907;58.05343;67.30451;66.83994;61.34698;77.45265;77.45264;9.97353;-0.61930;141.26546;-6.73584;-0.22015;8.66740;1.00213;0.11562;7.09996;506.35754;503.57483;587.83807;586.96429;38.05961;40.91136;52.18007;51.52218;39.80325;39.76253;1.02660;1.14218;20.08340;13.43127;2.92684;1.71147;1.60296;0.42487
87.56662;88.51908;0.01142;0.01094;0.00397;1.00000;1.00000;53.46901;58.55297;67.86810;67.21055;61.53104;78.10121;78.10121;9.88346;-0.61313;141.59006;-7.98211;-0.23995;8.70788;0.99662;0.11445;6.89325;512.48962;509.68719;594.86194;593.98846;38.35287;41.24431;52.53838;51.89485;40.01439;40.00689;1.02867;1.14514;19.93964;13.50366;2.93313;1.72606;1.62672;0.43236
85.11476;72.81200;0.01175;0.01093;0.00388;1.00000;1.00000;54.10637;59.35189;68.77567;67.93729;62.26450;79.14562;79.14562;9.75386;-0.60099;142.00597;-8.95532;-0.25077;8.76683;0.98869;0.11278;6.69784;522.58356;519.75531;606.52490;605.62781;38.87072;41.81043;53.17473;52.54707;40.42134;40.44331;1.03429;1.15159;19.85649;13.89670;3.03662;1.75198;1.66969;0.44482
89.78107;90.00900;0.01114;0.01098;0.00285;1.00000;1.00000;88.06998;99.48646;100.66456;100.57585;101.34913;115.84270;115.84270;-0.88611;0.04145;5.81142;2.40541;-0.66692;9.16357;0.23161;0.02528;8.29265;478.27902;459.60251;345.51468;347.83218;-8.39436;-12.70904;18.99121;18.09653;9.58507;9.65328;0.65300;0.66872;6.87064;-38.82046;-17.12641;3.39371;3.72984;2.17139
89.18678;78.05791;0.01121;0.01039;0.00250;1.00000;1.00000;96.15372;98.94188;100.12108;100.10822;110.65173;115.21729;115.21729;-1.11701;-1.04741;5.84183;0.91809;-0.63768;8.42507;0.21514;0.02554;7.97419;461.29590;426.52682;311.81937;313.75635;-18.06293;-8.04421;18.04128;16.33486;8.86970;8.92174;0.69846;0.65145;11.11792;-45.93125;10.18573;3.35299;3.90713;2.17115
82.64632;78.31467;0.01210;0.01230;0.00315;1.00000;1.00000;98.25895;98.56197;99.73611;99.71151;113.07439;114.77428;114.77428;-1.27120;-0.77649;5.71473;-1.27306;-0.94068;8.12082;0.20266;0.02496;7.99208;439.50684;408.59586;287.48434;293.23398;-18.08323;-11.31575;16.90936;15.47507;8.41949;8.50716;0.69323;0.65342;5.08603;-45.36959;0.77662;3.34761;3.77135;2.13737
93.24297;100.89799;0.01072;0.01075;0.00322;1.00000;1.00000;98.48513;98.52323;99.68614;99.47988;113.33467;114.71677;114.71677;-1.21785;-0.50726;5.69838;-3.68642;-0.86044;8.26218;0.20562;0.02489;8.65182;436.82446;414.02631;294.20935;299.68463;-15.94160;-12.11409;16.84702;15.78601;8.51939;8.62835;0.67250;0.64996;-2.10852;-37.40312;1.53146;3.25158;3.57286;2.05718
95.22491;94.96677;0.01050;0.01037;0.00335;1.00000;1.00000;98.55788;98.78754;99.93318;99.45627;113.41839;115.00106;115.00106;-0.89421;-0.27810;5.68741;-5.59983;-0.77378;9.12016;0.22825;0.02503;11.80127;462.56693;447.02289;338.07758;343.30710;-11.25139;-9.51474;18.36586;17.59779;9.39853;9.51876;0.64492;0.63694;-8.79840;-28.11891;1.46117;3.22724;3.37867;1.93076
93.19608;93.10120;0.01073;0.01025;0.00329;1.00000;1.00000;98.78176;98.98759;100.10970;99.54314;113.67603;115.20419;115.20419;-0.44919;0.09171;5.73133;-6.09853;-0.53994;9.99175;0.26032;0.02605;5.80652;498.52866;492.31171;397.51608;402.92670;-4.07203;-6.50450;20.65378;20.34403;10.79360;10.94865;0.62054;0.62348;-12.26503;-16.36102;-0.85835;3.16598;3.18374;1.86165
93.71395;94.27736;0.01067;0.01074;0.00352;1.00000;1.00000;98.89526;98.71758;99.81141;99.37216;113.80664;114.86092;114.86092;-0.07607;0.28028;5.78921;-5.37731;-0.29496;10.71203;0.28666;0.02676;8.99261;521.73334;523.99359;443.85455;449.27448;0.93146;-2.97538;22.45602;22.60915;12.06045;12.23844;0.60655;0.60644;-10.44902;-10.77223;-3.22491;3.11728;3.06395;1.80099
92.47519;96.86168;0.01081;0.01085;0.00361;1.00000;1.00000;98.56746;97.76985;98.83334;98.61920;113.42941;113.73538;113.73539;0.23375;0.18417;5.82602;-3.77248;-0.10303;11.11204;0.30953;0.02786;11.41047;540.52509;541.84937;475.10501;480.35205;3.75686;1.17997;24.05920;24.14768;13.05065;13.23419;0.59664;0.59313;-7.54825;-8.05325;-0.44928;3.05543;3.00540;1.74761
94.65511;98.18361;0.01056;0.01035;0.00338;1.00000;1.00000;97.61005;96.12905;97.16340;97.12675;112.32764;111.81364;111.81364;0.54416;0.21616;5.79877;-1.57359;-0.01366;11.43992;0.33248;0.02906;15.06630;549.71722;551.43091;498.17453;502.09171;7.18130;4.31986;25.28591;25.41420;13.92859;14.07936;0.58426;0.57651;-4.46100;-5.00102;-1.39079;2.95732;2.90602;1.64080
93.47114;90.89256;0.01070;0.01050;0.00332;1.00000;1.00000;95.98048;93.89982;94.90878;94.89938;110.45236;109.21909;109.21909;0.57600;0.23359;5.73765;0.80697;0.05905;11.48685;0.33543;0.02920;64.79679;526.95581;529.03607;480.68280;481.62631;7.37203;4.42198;24.30784;24.45936;13.48026;13.52163;0.55919;0.55068;-2.31241;-2.85585;-1.29414;2.82485;2.77566;1.56807
94.13889;97.86651;0.01062;0.01066;0.00341;1.00000;1.00000;93.83486;91.49360;92.48273;92.41533;107.98323;106.42724;106.42725;0.39459;0.19429;5.63754;2.18796;0.09223;11.30610;0.32199;0.02848;5.10170;485.76816;487.60370;437.86298;435.52023;5.03143;2.72214;21.96278;22.09296;12.15409;12.07783;0.52564;0.52098;-3.84845;-4.27950;-0.41995;2.68005;2.63499;1.53068
79.08884;88.02816;0.01264;0.01279;0.00392;1.00000;1.00000;91.52958;89.30563;90.27995;90.18600;105.33036;103.89233;103.89233;0.33777;0.23786;5.50498;2.61409;0.08236;11.07842;0.31902;0.02880;7.82903;464.00009;462.51682;411.68546;408.26660;4.95622;1.47838;20.82268;20.77336;11.39612;11.28022;0.50639;0.50082;-3.23744;-5.77626;-1.91910;2.54731;2.57717;1.48983
79.76651;83.35417;0.01254;0.01223;0.00352;1.00000;1.00000;89.41475;87.60212;88.56686;88.48022;102.89666;101.92093;101.92092;0.37381;-0.13641;5.35632;2.53441;0.03353;11.02948;0.32294;0.02928;8.53595;457.01956;448.19247;399.73499;395.33737;3.64169;3.30242;20.62987;20.09757;11.09566;10.92823;0.49000;0.49182;5.01529;-13.43929;0.36102;2.50852;2.61565;1.48900
93.42435;96.75858;0.01070;0.01067;0.00320;1.00000;1.00000;87.74400;86.49551;87.45621;87.38631;100.97400;100.64281;100.64281;0.44351;-0.66910;5.14963;2.29091;-0.16602;10.86804;0.32980;0.03035;8.62572;460.84091;441.80475;396.03366;391.71692;1.94313;6.15861;21.03755;19.83200;11.04126;10.86078;0.48218;0.49545;15.43901;-22.66127;2.23328;2.61790;2.72124;1.54571
80.94112;85.37522;0.01235;0.01208;0.00378;1.00000;1.00000;86.64552;86.01311;86.97559;86.91957;99.70988;100.08974;100.08972;0.49440;-1.11355;4.94809;2.05664;-0.40590;10.70611;0.33570;0.03136;8.54084;470.32819;440.84174;395.55405;392.60394;0.65919;8.30646;21.67961;19.78255;11.06215;10.91711;0.48434;0.50904;27.57773;-33.59930;2.05447;2.81308;2.99665;1.65894
93.19982;92.04713;0.01073;0.01047;0.00321;1.00000;1.00000;86.15015;86.17132;87.14210;87.09467;99.13982;100.28134;100.28135;0.46048;-1.64300;4.77145;1.89047;-0.68416;10.60339;0.33535;0.03163;8.43212;481.29886;440.15253;392.64420;390.84033;-1.86735;10.34057;22.22053;19.56420;10.95681;10.84617;0.49628;0.53140;38.97405;-45.36757;4.24089;3.17501;3.32604;1.82907
88.26738;96.35769;0.01133;0.00553;0.00247;1.00000;1.00000;86.40320;87.23163;88.22179;88.18021;99.43103;101.52383;101.52383;0.33639;-1.95753;4.61903;1.75935;-1.02200;10.44866;0.32900;0.03149;8.21156;496.37988;444.00009;388.99283;388.70020;-4.25853;10.74565;22.70272;19.38598;10.77387;10.72047;0.52407;0.55784;49.26192;-57.08079;2.90460;3.58256;3.76217;2.04600
88.85408;61.91951;0.01125;0.01095;0.00365;1.00000;1.00000;87.29856;88.72209;89.73512;89.69627;100.46140;103.26534;103.26534;0.16742;-2.31138;4.57411;1.68613;-1.24625;10.08102;0.31806;0.03155;7.68067;510.69086;444.86520;383.20746;385.72537;-7.29863;10.85102;23.11040;19.03731;10.52676;10.56055;0.56007;0.58645;62.00302;-72.24417;2.75477;4.09650;4.35063;2.32315
91.05260;96.28346;0.01098;0.01081;0.00255;1.00000;1.00000;88.74502;90.61403;91.65455;91.61962;102.12595;105.47418;105.47418;-0.03403;-2.76198;4.50793;1.58207;-1.58283;9.77593;0.30370;0.03107;7.51694;523.65057;445.17282;376.22473;381.42230;-11.97296;11.70618;23.35038;18.61719;10.26340;10.37662;0.61031;0.61976;68.88403;-83.07234;6.98948;4.45164;4.82587;2.58010
95.02190;93.24878;0.01052;0.01051;0.00278;1.00000;1.00000;90.52717;92.53018;93.59835;93.56962;104.17681;107.71107;107.71107;-0.21419;-2.63343;4.49815;1.41979;-1.84929;9.58888;0.29030;0.03028;7.37807;530.26202;448.81113;371.27594;379.03021;-13.63277;9.56140;23.21521;18.45032;10.09371;10.28107;0.64373;0.63147;69.33420;-87.18015;3.45843;4.57404;5.04156;2.66690
92.86365;100.08007;0.01077;0.01063;0.00322;1.00000;1.00000;92.41068;94.30145;95.39524;95.37376;106.34431;109.77889;109.77890;-0.36435;-2.47681;4.58663;1.21620;-1.97728;9.36960;0.27844;0.02972;7.58439;532.07483;453.56793;368.10107;376.86697;-15.22261;7.69361;22.86619;18.37528;10.00428;10.22229;0.66968;0.64082;62.00237;-83.21622;5.61950;4.42392;4.94308;2.64120
93.15401;94.66111;0.01073;0.01047;0.00321;1.00000;1.00000;94.11302;95.61456;96.72803;96.71379;108.30334;111.31263;111.31264;-0.45015;-1.97742;4.76024;0.98343;-1.96292;9.45050;0.27102;0.02868;8.01699;528.34027;460.94077;369.10733;377.83282;-14.05914;4.32716;22.34835;18.55770;10.03468;10.26115;0.66934;0.63833;48.28436;-71.57040;2.59508;4.04805;4.58936;2.48041
92.29102;97.16284;0.01084;0.01054;0.00339;1.00000;1.00000;95.43049;96.45338;97.58015;97.57196;109.81945;112.29324;112.29324;-0.49900;-1.51325;5.02191;0.74192;-1.76603;9.40581;0.26586;0.02827;8.36127;522.01520;466.37952;369.81586;377.82486;-12.37215;1.30676;21.84082;18.74036;10.05553;10.27553;0.66098;0.63503;36.20307;-60.70761;1.26680;3.77570;4.27252;2.33109
91.50831;87.98944;0.01093;0.01058;0.00359;1.00000;1.00000;96.28935;96.80836;97.94186;97.93817;110.80781;112.70948;112.70947;-0.50133;-1.27207;5.28127;0.49640;-1.54219;9.42390;0.26400;0.02801;8.61926;516.80023;468.03818;371.90598;380.33063;-11.17737;-0.02705;21.57050;18.85630;10.10912;10.34754;0.65164;0.62939;29.05871;-53.93610;1.24864;3.59763;4.06102;2.22384
93.58156;95.85889;0.01069;0.01072;0.00349;1.00000;1.00000;96.66972;96.81898;97.95418;97.95306;111.24554;112.72366;112.72369;-0.46669;-1.11568;5.48538;0.27704;-1.35028;9.65971;0.26528;0.02746;8.01213;513.97113;468.78027;377.13889;383.98682;-9.82065;-0.59439;21.52224;18.99770;10.24015;10.44293;0.63967;0.62281;26.16770;-50.35999;-0.10090;3.48798;3.92851;2.14921
91.98380;92.53262;0.01087;0.01071;0.00353;1.00000;1.00000;96.82721;97.12818;98.26788;98.26749;111.42677;113.08466;113.08467;-0.44717;-1.21040;5.60108;0.16330;-1.21822;9.53379;0.26696;0.02800;7.77727;520.76892;472.44772;383.36230;388.25012;-10.04274;0.01938;21.89100;19.18217;10.40596;10.55451;0.64538;0.62841;30.19412;-53.79536;0.86189;3.57186;4.03171;2.19120
92.67026;86.25151;0.01079;0.01049;0.00356;1.00000;1.00000;97.19736;97.85836;99.00730;99.00684;111.85272;113.93557;113.93557;-0.48304;-1.37294;5.58578;0.17638;-1.21995;9.45931;0.26522;0.02804;8.02815;529.39923;477.28186;385.14523;389.73166;-11.63454;0.62139;22.19002;19.29056;10.46762;10.59496;0.66528;0.64290;33.58779;-57.97737;2.58050;3.71310;4.20313;2.28076
93.49966;95.37435;0.01070;0.01047;0.00354;1.00000;1.00000;97.84275;98.55695;99.71496;99.71424;112.59543;114.74993;114.74993;-0.54426;-1.31274;5.51069;0.21779;-1.24184;9.36212;0.26078;0.02785;8.26200;530.19440;480.26102;382.41879;387.57910;-12.33070;-0.31498;22.04358;19.30762;10.41421;10.54539;0.67770;0.65160;31.40998;-57.35963;2.26904;3.73094;4.23048;2.30324
92.82668;99.78048;0.01077;0.01024;0.00345;1.00000;1.00000;98.46052;98.91509;100.07823;100.07763;113.30634;115.16798;115.16798;-0.58384;-1.17994;5.44305;0.19873;-1.21673;9.30889;0.25718;0.02763;8.24546;525.81055;480.18933;380.04663;385.26517;-12.20164;-1.49348;21.73528;19.26379;10.36446;10.49204;0.67830;0.65264;27.25401;-54.32153;1.73211;3.66202;4.15261;2.26844
92.98585;96.64636;0.01075;0.01046;0.00346;1.00000;1.00000;98.82871;99.06783;100.23349;100.23324;113.73006;115.34665;115.34666;-0.59237;-1.11355;5.39486;0.13030;-1.16482;9.45517;0.25592;0.02707;8.15371;523.29108;479.77087;380.42361;384.97241;-11.95750;-1.97991;21.60438;19.25561;10.37750;10.48710;0.67587;0.65135;25.18197;-52.45806;1.58379;3.60961;4.09383;2.23710
93.53155;95.61143;0.01069;0.01060;0.00345;1.00000;1.00000;99.03382;99.24908;100.41730;100.41722;113.96609;115.55817;115.55817;-0.59233;-1.12039;5.35336;0.06991;-1.12719;9.45674;0.25570;0.02704;8.05429;524.58160;480.75479;382.05664;386.00809;-12.01451;-1.96476;21.66636;19.30220;10.42200;10.51555;0.67750;0.65288;25.43793;-52.70768;1.77060;3.61447;4.10262;2.23883
92.00453;99.54211;0.01087;0.01062;0.00355;1.00000;1.00000;99.23792;99.50791;100.67943;100.67941;114.20097;115.85982;115.85983;-0.60064;-1.15543;5.30644;0.04271;-1.12757;9.28821;0.25512;0.02747;7.97557;527.21466;482.38940;382.94901;386.79483;-12.39476;-1.85667;21.76417;19.34960;10.45066;10.53927;0.68300;0.65688;26.12974;-53.70472;2.18917;3.64609;4.14335;2.25927
88.80241;84.63102;0.01126;0.01052;0.00347;1.00000;1.00000;99.48959;99.78739;100.96236;100.96235;114.49059;116.18542;116.18543;-0.61744;-1.15469;5.26597;0.03825;-1.13765;9.25990;0.25393;0.02742;8.04053;528.63397;483.73596;382.75473;386.87717;-12.69481;-2.05704;21.78232;19.37300;10.45357;10.54689;0.68808;0.66078;25.91097;-53.95166;2.18782;3.66425;4.16632;2.27256
88.22984;88.29243;0.01133;0.01052;0.00346;1.00000;1.00000;99.74926;100.00977;101.18752;101.18752;114.78941;116.44453;116.44453;-0.63362;-1.12409;5.24609;0.03348;-1.13250;9.38664;0.25266;0.02692;8.19209;528.49426;484.35730;382.23944;386.65427;-12.79089;-2.43553;21.73321;19.37374;10.44674;10.54699;0.69056;0.66297;24.88150;-53.28709;2.02698;3.65795;4.15883;2.27061
92.44453;89.21403;0.01082;0.01109;0.00360;1.00000;1.00000;99.96676;100.15715;101.33676;101.33675;115.03970;116.61626;116.61626;-0.64436;-1.08691;5.24866;0.01910;-1.11239;9.37315;0.25165;0.02685;8.15988;527.74646;484.45743;381.93741;386.53314;-12.73715;-2.80155;21.67412;19.36546;10.44255;10.54870;0.69097;0.66383;23.73517;-52.49689;1.81169;3.64082;4.14043;2.26133
93.39758;94.02031;0.01071;0.01058;0.00352;1.00000;1.00000;100.11891;100.25352;101.43430;101.43430;115.21479;116.72851;116.72852;-0.64838;-1.06901;5.26385;-0.00038;-1.09214;9.36944;0.25119;0.02681;8.12047;527.55597;484.58020;382.19421;386.81097;-12.69283;-2.96961;21.65821;19.36735;10.45032;10.55886;0.69106;0.66429;23.12073;-52.03170;1.78581;3.62962;4.12873;2.25477
92.19173;72.02016;0.01085;0.01057;0.00349;1.00000;1.00000;100.22585;100.34492;101.52675;101.52676;115.33784;116.83490;116.83491;-0.65067;-1.06300;5.28258;-0.01378;-1.07722;9.36719;0.25096;0.02679;8.09348;528.01837;484.97839;382.62943;387.24619;-12.69307;-3.05241;21.67456;19.38059;10.46249;10.57238;0.69183;0.66518;22.99539;-51.98503;1.75088;3.62981;4.13002;2.25476
95.85847;97.59906;0.01043;0.01029;0.00342;1.00000;1.00000;100.32252;100.44498;101.62791;101.62791;115.44910;116.95132;116.95133;-0.65470;-1.06255;5.29914;-0.01748;-1.06824;9.36054;0.25065;0.02678;8.10726;528.63281;485.46906;382.85046;387.52087;-12.76170;-3.11520;21.69221;19.39290;10.47020;10.58192;0.69332;0.66647;22.96340;-52.07043;1.78526;3.63499;4.13699;2.25826
94.25993;98.88263;0.01061;0.01021;0.00349;1.00000;1.00000;100.42162;100.53722;101.72116;101.72115;115.56314;117.05862;117.05862;-0.66013;-1.05631;5.31196;-0.01634;-1.06250;9.35181;0.25022;0.02676;8.13369;528.87933;485.83258;382.79660;387.56848;-12.81927;-3.22121;21.68913;19.39866;10.47141;10.58566;0.69458;0.66761;22.73057;-51.99637;1.77917;3.63665;4.13955;2.25996
90.40083;81.87326;0.01106;0.01023;0.00340;1.00000;1.00000;100.50770;100.59756;101.78215;101.78214;115.66219;117.12881;117.12881;-0.66433;-1.04358;5.32163;-0.01644;-1.05620;9.34596;0.24985;0.02673;8.13210;528.67426;485.96866;382.68781;387.50320;-12.81435;-3.34813;21.66891;19.39918;10.47048;10.58587;0.69495;0.66813;22.32175;-51.71666;1.72663;3.63186;4.13428;2.25761
90.78342;93.54537;0.01102;0.01051;0.00348;1.00000;1.00000;100.56824;100.63140;101.81630;101.81630;115.73186;117.16811;117.16811;-0.66614;-1.03157;5.32833;-0.01921;-1.04872;9.34401;0.24964;0.02672;8.10916;528.38593;486.08173;382.76541;387.46744;-12.78180;-3.43480;21.65024;19.40304;10.47325;10.58598;0.69481;0.66822;21.86345;-51.31980;1.74925;3.62420;4.12485;2.25345
95.45129;101.14292;0.01048;0.01060;0.00347;1.00000;1.00000;100.60623;100.65483;101.83990;101.83988;115.77559;117.19527;117.19526;-0.66660;-1.01764;5.33194;-0.02153;-1.03974;9.34432;0.24957;0.02671;8.10108;528.22968;486.32153;382.94711;387.52127;-12.71239;-3.52345;21.63932;19.41427;10.47825;10.58784;0.69455;0.66834;21.54386;-51.00987;1.66258;3.61934;4.11792;2.25047
94.28592;96.25565;0.01061;0.01050;0.00352;1.00000;1.00000;100.63284;100.67754;101.86279;101.86279;115.80621;117.22160;117.22161;-0.66715;-1.01306;5.33206;-0.02159;-1.03119;9.34320;0.24951;0.02671;8.10927;528.26044;486.52853;383.08252;387.56195;-12.70022;-3.55647;21.63777;19.42282;10.48225;10.58924;0.69468;0.66857;21.42751;-50.90104;1.69086;3.61845;4.11641;2.24996
95.11988;97.46589;0.01051;0.01074;0.00353;1.00000;1.00000;100.65651;100.69773;101.88313;101.88312;115.83344;117.24501;117.24501;-0.66812;-1.01151;5.32790;-0.02009;-1.02632;9.34128;0.24942;0.02670;8.10803;528.26611;486.65192;383.11380;387.54797;-12.71475;-3.57233;21.63468;19.42696;10.48387;10.58915;0.69493;0.66878;21.32722;-50.83081;1.72956;3.61788;4.11562;2.24980
94.87251;97.83778;0.01054;0.01043;0.00351;1.00000;1.00000;100.67451;100.70811;101.89353;101.89353;115.85416;117.25699;117.25700;-0.66877;-1.00678;5.32172;-0.01871;-1.02257;9.34044;0.24935;0.02670;8.11541;528.13416;486.71869;383.11658;387.51056;-12.70320;-3.60299;21.62604;19.42983;10.48446;10.58830;0.69488;0.66881;21.16050;-50.68418;1.72610;3.61536;4.11227;2.24842
90.90765;92.75577;0.01100;0.00689;0.00320;1.00000;1.00000;100.68566;100.70883;101.89416;101.89414;115.86700;117.25771;117.25771;-0.67459;-1.00002;5.31350;-0.02684;-1.01789;9.33173;0.24886;0.02667;8.10997;527.32123;486.16037;382.44092;386.57730;-12.74040;-3.70894;21.57795;19.39829;10.46876;10.56597;0.69487;0.66874;20.01404;-49.74515;1.72764;3.60413;4.03376;2.24597
94.32708;85.88114;0.01060;0.01059;0.00246;1.00000;1.00000;100.68671;100.70490;101.89004;101.89003;115.86819;117.25297;117.25297;-0.66582;-0.99478;5.30735;-0.03115;-1.01364;9.34913;0.24953;0.02669;8.11473;527.99048;487.02768;383.63092;387.70526;-12.60463;-3.62790;21.62284;19.45025;10.49679;10.59245;0.69409;0.66845;20.05448;-49.38205;1.70893;3.60243;4.02624;2.24352
91.83637;95.84971;0.01089;0.01041;0.00265;1.00000;1.00000;100.68354;100.69434;101.87923;101.87922;115.86456;117.24053;117.24053;-0.66419;-0.99190;5.30220;-0.02349;-1.00939;9.35221;0.24964;0.02669;8.12393;527.91626;487.09998;383.77966;387.82959;-12.56903;-3.61949;21.62222;19.45691;10.50008;10.59501;0.69370;0.66820;19.95035;-49.23082;1.72756;3.59941;4.02200;2.24158
93.27792;94.30404;0.01072;0.01079;0.00310;1.00000;1.00000;100.67204;100.67496;101.85954;101.85954;115.85131;117.21787;117.21787;-0.66365;-0.98847;5.29813;-0.01697;-1.00592;9.35342;0.24967;0.02669;8.11583;527.65887;486.97485;383.72537;387.73145;-12.53898;-3.62919;21.61185;19.45355;10.49828;10.59210;0.69324;0.66786;19.84450;-49.10460;1.71050;3.59602;4.01773;2.23946
93.92530;93.90552;0.01065;0.01040;0.00319;1.00000;1.00000;100.65421;100.65388;101.83813;101.83813;115.83080;117.19323;117.19323;-0.66286;-0.98727;5.29540;-0.01311;-1.00274;9.35473;0.24972;0.02669;8.11087;527.48169;486.85245;383.68417;387.65640;-12.51641;-3.62520;21.60596;19.45025;10.49670;10.58974;0.69285;0.66756;19.81836;-49.05194;1.70966;3.59406;4.01529;2.23816
85.80022;61.77034;0.01165;0.01067;0.00335;1.00000;1.00000;100.63486;100.63761;101.82163;101.82162;115.80853;117.17424;117.17423;-0.66203;-0.98859;5.29326;-0.01057;-1.00101;9.35597;0.24979;0.02670;8.12298;527.43195;486.77634;383.66794;387.64523;-12.50909;-3.60650;21.60602;19.44849;10.49586;10.58902;0.69264;0.66736;19.86328;-49.07086;1.71566;3.59380;4.01499;2.23790
91.44320;86.55012;0.01094;0.01080;0.00342;1.00000;1.00000;100.61774;100.62037;101.80414;101.80414;115.78883;117.15411;117.15411;-0.66125;-0.98994;5.29157;-0.00870;-1.00055;9.35721;0.24985;0.02670;8.13025;527.34808;486.67886;383.62399;387.63641;-12.50414;-3.58637;21.60449;19.44583;10.49434;10.58833;0.69241;0.66713;19.87753;-49.06703;1.72958;3.59291;4.01398;2.23733
91.75446;78.00312;0.01090;0.01047;0.00344;1.00000;1.00000;100.59946;100.59894;101.78242;101.78242;115.76779;117.12912;117.12913;-0.66006;-0.98889;5.29078;-0.00792;-1.00022;9.35950;0.24993;0.02670;8.13277;527.20435;486.58347;383.61691;387.64151;-12.47887;-3.57528;21.60091;19.44428;10.49354;10.58790;0.69199;0.66679;19.83790;-48.99857;1.71955;3.59065;4.01107;2.23586
92.18861;96.12612;0.01085;0.01049;0.00348;1.00000;1.00000;100.57806;100.57386;101.75700;101.75701;115.74317;117.09988;117.09988;-0.65848;-0.98726;5.29109;-0.00773;-0.99914;9.36248;0.25004;0.02671;8.12889;527.05273;486.49420;383.64575;387.66324;-12.44346;-3.56339;21.59782;19.44374;10.49344;10.58782;0.69148;0.66640;19.79488;-48.91558;1.71088;3.58803;4.00764;2.23412
91.90572;90.20386;0.01088;0.01036;0.00342;1.00000;1.00000;100.55382;100.54988;101.73271;101.73271;115.71527;117.07192;117.07192;-0.65674;-0.98669;5.29183;-0.00747;-0.99785;9.36558;0.25017;0.02671;8.13382;526.97400;486.43433;383.70453;387.70953;-12.41105;-3.54521;21.59837;19.44445;10.49408;10.58834;0.69103;0.66607;19.80816;-48.88115;1.69752;3.58654;4.00559;2.23300
93.34451;94.28625;0.01071;0.01057;0.00348;1.00000;1.00000;100.53033;100.52466;101.70715;101.70716;115.68824;117.04250;117.04252;-0.65513;-0.98769;5.29257;-0.00691;-0.99720;9.36828;0.25029;0.02672;8.13234;526.86835;486.33633;383.72794;387.73096;-12.39239;-3.51608;21.59768;19.44327;10.49391;10.58821;0.69062;0.66570;19.80491;-48.83765;1.72295;3.58466;4.00318;2.23177
94.34137;97.50390;0.01060;0.01059;0.00358;1.00000;1.00000;100.50549;100.49987;101.68205;101.68205;115.65966;117.01362;117.01362;-0.65344;-0.98690;5.29329;-0.00625;-0.99650;9.37141;0.25042;0.02672;8.31786;526.75031;486.28458;383.65121;387.90234;-12.36186;-3.49704;21.59593;19.44474;10.49143;10.59164;0.69017;0.66535;19.80614;-48.79842;1.70473;3.58300;4.00096;2.23060
94.47474;94.22407;0.01058;0.01084;0.00361;1.00000;1.00000;100.45254;100.28839;101.46804;101.46803;115.59872;116.76734;116.76734;-0.64608;-0.95412;5.29622;-0.01888;-0.99841;9.38996;0.25056;0.02668;8.89655;522.81732;484.72296;382.39136;388.11536;-12.16205;-3.43926;21.43410;19.40628;10.45579;10.59143;0.68421;0.66003;16.80866;-45.90929;2.48929;3.51292;3.91340;2.19093
93.72393;99.43323;0.01067;0.01048;0.00347;1.00000;1.00000;100.18156;99.65260;100.82455;100.82445;115.28689;116.02683;116.02683;-0.60500;-0.74877;5.32430;-0.08085;-0.95797;9.48492;0.25262;0.02663;9.43602;513.88074;482.66812;382.57419;388.69803;-10.45059;-3.94869;21.10596;19.43767;10.44086;10.59278;0.66334;0.64642;10.28847;-38.65805;1.62987;3.41502;3.70246;2.08957
94.92518;98.63878;0.01053;0.01042;0.00347;1.00000;1.00000;99.55358;98.64838;99.80800;99.80759;114.56422;114.85700;114.85700;-0.52429;-0.48268;5.39497;-0.16593;-0.83188;9.80597;0.25746;0.02626;10.62411;503.69568;480.85104;385.12152;391.08469;-7.88801;-4.30887;20.80510;19.57433;10.47861;10.63795;0.63595;0.62737;3.18548;-29.76587;0.86762;3.23698;3.45593;1.96944
91.27090;74.54898;0.01096;0.01027;0.00350;1.00000;1.00000;98.56213;97.29540;98.43823;98.43726;113.42328;113.28070;113.28070;-0.41148;-0.21925;5.48424;-0.25474;-0.66481;10.02899;0.26460;0.02638;15.17248;492.92374;478.23981;388.62033;394.37131;-5.06210;-4.22498;20.54814;19.74919;10.54610;10.71171;0.60621;0.60430;-3.29476;-20.93261;0.43803;3.06236;3.22156;1.84917
94.38537;94.83167;0.01059;0.01057;0.00352;1.00000;1.00000;97.22858;95.65085;96.77313;96.77137;111.88865;111.36453;111.36452;-0.27203;0.04876;5.57159;-0.34519;-0.47675;10.28175;0.27366;0.02662;4.16074;481.79092;474.74777;392.27817;397.94092;-2.05559;-3.87026;20.33438;19.95291;10.63233;10.80779;0.57659;0.57807;-8.85995;-13.08146;-0.11469;2.94554;2.97080;1.73532
93.54740;99.25558;0.01069;0.01044;0.00356;1.00000;1.00000;95.60219;93.75707;94.85563;94.85302;110.01704;109.15792;109.15791;-0.09622;0.28736;5.64821;-0.42480;-0.26454;10.68661;0.28511;0.02668;8.13379;468.84436;470.40091;397.13483;402.85922;0.81168;-2.84643;20.12854;20.23275;10.78148;10.97040;0.54721;0.54733;-8.90498;-9.26354;-3.20947;2.81585;2.76754;1.63193
94.24953;100.24058;0.01061;0.01022;0.00347;1.00000;1.00000;93.72540;91.71823;92.79118;92.78783;107.85727;106.78218;106.78217;0.09111;0.18483;5.69705;-0.48531;-0.07680;10.94125;0.29880;0.02731;10.87310;463.90878;464.74463;401.46945;406.39636;2.06072;-0.26510;20.32524;20.37523;10.95825;11.12728;0.52332;0.52202;-7.32054;-7.77761;-0.23478;2.69193;2.64883;1.55080
92.42842;95.24717;0.01082;0.01047;0.00348;1.00000;1.00000;91.73769;89.71214;90.75981;90.75622;105.56985;104.44453;104.44453;0.29005;0.18844;5.66916;-0.50994;-0.00647;11.17816;0.31337;0.02803;11.87589;458.87244;460.01230;405.72919;409.99875;3.85038;1.66270;20.52228;20.60229;11.17155;11.32346;0.50331;0.49937;-5.77249;-6.18766;-0.64323;2.57663;2.53363;1.47714
94.17505;93.70316;0.01062;0.01053;0.00359;1.00000;1.00000;89.74059;87.75780;88.78091;88.77761;103.27162;102.16724;102.16726;0.49408;0.22494;5.61352;-0.49441;0.05706;11.38977;0.32835;0.02883;12.28136;453.64197;455.61868;409.49530;413.09106;5.72414;3.27487;20.72036;20.86529;11.40854;11.54007;0.48604;0.48002;-4.25787;-4.63263;-0.94480;2.46721;2.42513;1.40715
97.04391;102.03040;0.01030;0.01047;0.00353;1.00000;1.00000;87.78094;85.85030;86.84960;86.84682;101.01651;99.94474;99.94474;0.69860;0.18692;5.52948;-0.45816;0.08262;11.57435;0.34336;0.02967;12.54880;448.51163;450.46289;412.37222;415.22629;7.04553;5.13683;20.93223;21.07971;11.65070;11.75729;0.46955;0.46333;-2.90055;-3.28050;-0.14599;2.36441;2.32399;1.33987
94.10989;94.52689;0.01063;0.01036;0.00356;1.00000;1.00000;85.86252;83.97765;84.95375;84.95149;98.80882;97.76304;97.76303;0.90944;0.19284;5.43560;-0.41738;0.08951;11.73621;0.35880;0.03057;12.74888;443.21188;445.41141;414.56357;416.99472;8.50871;6.66668;21.14650;21.32247;11.90266;11.99687;0.45614;0.44838;-1.66283;-2.02515;-0.25254;2.26626;2.22627;1.24887
93.26323;80.52178;0.01072;0.01046;0.00347;1.00000;1.00000;83.98663;82.13059;83.08401;83.08214;96.65009;95.61138;95.61138;1.12875;0.18966;5.35262;-0.38503;0.09467;11.73060;0.37488;0.03196;12.74615;438.00842;440.26114;416.35690;418.42142;9.86314;8.14844;21.38505;21.57107;12.17631;12.25907;0.44489;0.43571;-0.75509;-0.57093;-0.13583;2.17310;2.16992;1.18827
95.00359;100.94891;0.01053;0.01067;0.00362;1.00000;1.00000;82.13900;80.32431;81.25570;81.25416;94.52387;93.50739;93.50739;1.36013;0.17476;5.28491;-0.35253;0.09118;11.84971;0.39178;0.03306;12.88442;433.28027;435.35269;418.16946;419.99130;11.12616;9.62883;21.67308;21.85070;12.48724;12.56433;0.43541;0.42595;0.34639;0.52592;0.06088;2.08676;2.08404;1.13019
94.75126;100.49241;0.01055;0.01041;0.00353;1.00000;1.00000;80.31339;78.52573;79.43533;79.43404;92.42300;91.41254;91.41254;1.60404;0.17102;5.23762;-0.32626;0.08605;11.81241;0.40962;0.03468;12.83951;428.52805;430.42700;419.63022;421.32349;12.39248;10.99204;21.98746;22.15720;12.82349;12.90020;0.42861;0.41805;1.38853;1.55599;0.03863;2.00364;2.00105;1.05073
94.52008;96.88046;0.01058;0.01037;0.00345;1.00000;1.00000;78.50931;76.75744;77.64571;77.64459;90.34690;89.35309;89.35310;1.86263;0.16903;5.21151;-0.30810;0.08163;11.88680;0.42846;0.03605;12.92854;424.08389;425.78281;421.14594;422.74774;13.63237;12.30125;22.34760;22.50476;13.20436;13.28227;0.42379;0.41257;2.37987;2.52721;0.03331;1.92624;1.92381;0.99734
94.58863;98.26078;0.01057;0.01039;0.00342;1.00000;1.00000;76.73119;75.01903;75.88643;75.88542;88.30068;87.32854;87.32854;2.13585;0.16696;5.20249;-0.29557;0.07756;11.93445;0.44835;0.03757;12.99058;419.87195;421.36417;422.66531;424.18500;14.82953;13.56238;22.75558;22.89907;13.62885;13.70840;0.42157;0.40900;3.30971;3.43457;0.03105;1.85367;1.85137;0.94593
95.21974;100.13017;0.01050;0.01032;0.00356;1.00000;1.00000;74.97812;73.30158;74.14841;74.14748;86.28328;85.32848;85.32848;2.42471;0.16717;5.20542;-0.28714;0.07427;11.83207;0.46944;0.03968;12.89018;415.76953;417.09058;424.11011;425.53952;15.98941;14.76682;23.20167;23.33271;14.09790;14.17798;0.42163;0.40792;4.17318;4.27822;0.00802;1.78630;1.78413;0.89620
96.79765;98.91196;0.01033;0.01061;0.00359;1.00000;1.00000;73.25309;71.60494;72.43152;72.43062;84.29816;83.35271;83.35271;2.73026;0.16891;5.21501;-0.28464;0.07202;11.82947;0.49165;0.04156;12.89829;411.76529;412.95886;425.49106;426.80640;17.10818;15.92010;23.68869;23.81127;14.61405;14.69278;0.42412;0.40955;4.96665;5.05642;-0.00251;1.72221;1.72015;0.83056
94.88752;95.04800;0.01054;0.01052;0.00351;1.00000;1.00000;71.53782;69.92446;70.73101;70.73012;82.32426;81.39580;81.39581;3.05692;0.17115;5.22660;-0.28787;0.07035;11.79616;0.51537;0.04369;12.88700;407.95438;409.06293;426.96457;428.14822;18.19851;17.04400;24.23475;24.35271;15.19421;15.26964;0.42932;0.41340;5.70611;5.77767;-0.02121;1.66323;1.66136;0.76803
94.61526;96.84292;0.01057;0.01071;0.00361;1.00000;1.00000;69.79972;68.26965;69.05650;69.05558;80.32409;79.46880;79.46880;3.40309;0.16980;5.23643;-0.29492;0.06841;11.73145;0.54049;0.04607;12.84795;404.30740;405.34381;428.44370;429.47208;19.23433;18.13937;24.83201;24.94571;15.83210;15.90154;0.43730;0.42044;6.37322;6.43565;0.00520;1.60879;1.60706;0.72462
90.54138;94.41089;0.01104;0.01028;0.00344;1.00000;1.00000;67.61108;66.62183;67.38908;67.38814;77.80544;77.54998;77.54999;3.77429;0.16714;5.24234;-0.30559;0.06559;11.63431;0.56738;0.04877;12.78245;400.77570;401.74765;429.92340;430.78629;20.23652;19.20884;25.49314;25.60372;16.54165;16.60374;0.44788;0.43037;6.97369;7.02959;0.04025;1.55830;1.55672;0.68230
95.03040;95.47451;0.01052;0.01055;0.00351;1.00000;1.00000;65.43610;64.98416;65.73197;65.73096;75.30253;75.64301;75.64301;4.17191;0.16474;5.24364;-0.31949;0.06232;11.50469;0.59614;0.05182;12.70112;397.34549;398.27716;431.38751;432.07932;21.20747;20.24475;26.21958;26.32967;17.32568;17.37903;0.46154;0.44338;7.50640;7.55927;0.07036;1.51209;1.51065;0.64115
94.32468;98.57072;0.01060;0.01058;0.00350;1.00000;1.00000;63.26121;63.34648;64.07486;64.07375;72.79970;73.73603;73.73603;4.60065;0.16276;5.24076;-0.33796;0.05850;11.34176;0.62710;0.05529;12.62671;393.98074;394.87964;432.80884;433.33142;22.15167;21.25013;27.02200;27.13260;18.19600;18.24008;0.47824;0.45991;7.97224;8.02384;0.12888;1.46997;1.46867;0.59062
93.73920;90.26900;0.01067;0.01031;0.00346;1.00000;1.00000;61.09370;61.71226;62.42123;62.41998;70.30538;71.83308;71.83308;5.06305;0.16217;5.23558;-0.36237;0.05521;11.14369;0.66043;0.05926;12.56232;390.69321;391.57004;434.18625;434.55518;23.07100;22.22025;27.90690;28.01923;19.16007;19.19428;0.49879;0.47990;8.36395;8.41161;0.13536;1.43383;1.43270;0.55181
94.35894;94.18856;0.01060;0.01048;0.00348;1.00000;1.00000;58.93066;60.08371;60.77337;60.77193;67.81620;69.93674;69.93674;5.56251;0.15549;5.22911;-0.39389;0.05170;10.91197;0.69636;0.06382;12.62599;387.51804;388.34738;435.55573;435.76947;23.94675;23.17576;28.88835;28.99867;20.23038;20.25271;0.52323;0.50419;8.68797;8.72423;0.18696;1.40137;1.40040;0.51400
88.37013;84.65250;0.01132;0.01046;0.00349;1.00000;1.00000;56.75492;58.44440;59.11461;59.11292;65.31239;68.02789;68.02789;6.10543;0.14629;5.22188;-0.43485;0.04712;10.64643;0.73535;0.06907;-8.50573;384.32501;385.06577;436.91571;436.72476;24.78721;24.10074;29.97361;30.07598;21.42893;21.41623;0.55146;0.53279;8.94861;8.97844;0.23010;1.37370;1.37290;0.46920
91.52848;93.66804;0.01093;0.01021;0.00343;1.00000;1.00000;54.58217;56.86726;57.51872;57.51674;62.81205;66.19137;66.19137;6.71388;0.15500;5.20710;-0.47580;0.03474;10.26709;0.78035;0.07601;4.80910;384.39005;384.60974;440.47455;438.60468;25.82899;25.01476;31.46008;31.44989;22.94610;22.77854;0.59034;0.56546;8.76241;9.81562;0.66118;1.24164;1.34364;0.43715
93.62157;93.97612;0.01068;0.01034;0.00336;1.00000;1.00000;52.48158;55.43715;56.07164;56.07037;60.39473;64.52609;64.52609;7.25743;0.12713;5.18060;-0.38580;0.02180;9.94890;0.82107;0.08253;6.36261;384.63196;383.33679;440.16309;437.83234;26.75070;25.73759;32.77629;32.52865;24.12651;23.85068;0.62711;0.59559;12.69708;6.03578;-1.20318;1.31195;1.26076;0.42738
84.03111;94.67007;0.01190;0.01062;0.00355;1.00000;1.00000;50.57257;54.22565;54.84586;54.84542;58.19787;63.11549;63.11549;7.75147;-0.37471;5.12928;-0.22858;-0.01429;9.57665;0.86004;0.08981;6.72963;388.08258;383.05823;439.06616;436.13809;26.74583;27.34024;34.27617;33.40906;25.19971;24.68723;0.63280;0.65530;18.99662;0.69576;-1.08628;1.48709;1.21274;0.44242
89.09583;92.28498;0.01122;0.01290;0.00375;1.00000;1.00000;48.92682;53.25239;53.86132;53.86132;56.30399;61.98251;61.98251;8.15017;-1.45758;4.99480;0.02147;-0.15650;9.30411;0.89265;0.09594;6.87594;393.71835;382.29630;436.35840;433.08325;25.54021;29.92951;35.77020;33.86599;25.96565;25.22183;0.59537;0.75374;26.76131;-5.91735;1.15734;1.76515;1.28333;0.51286
94.43642;96.09840;0.01059;0.01054;0.00336;1.00000;1.00000;47.58420;52.48297;53.08331;53.08257;54.75892;61.08718;61.08718;8.41741;-2.75721;4.78342;0.30355;-0.42614;9.06423;0.91506;0.10095;7.05067;397.33160;380.23541;431.55109;427.64694;23.48404;32.84724;36.71370;33.89722;26.26867;25.39900;0.53199;0.87026;29.58874;-8.45324;5.47006;1.87949;1.35417;0.63041
96.40205;95.31071;0.01037;0.01037;0.00343;1.00000;1.00000;46.45230;51.77227;52.36497;52.36305;53.45636;60.26054;60.26054;8.63170;-3.59444;4.60471;0.49050;-0.74826;8.89003;0.93199;0.10484;7.07809;397.85126;376.40732;425.55865;422.32361;22.13783;34.53825;37.23908;33.76818;26.26673;25.61869;0.49380;0.94720;30.11015;-10.07101;7.81031;1.91177;1.39861;0.70481
95.69998;93.79104;0.01045;0.01019;0.00333;1.00000;1.00000;45.43708;51.07230;51.65760;51.65532;52.28806;59.44650;59.44650;8.88657;-3.64286;4.61908;0.53859;-0.97757;8.76904;0.95177;0.10854;6.91377;396.98141;373.67969;421.19742;419.77545;22.44053;34.58732;37.70740;33.95741;26.39457;26.14589;0.50501;0.96047;30.68185;-11.03163;6.00701;1.94976;1.41799;0.67881
84.91808;58.82007;0.01178;0.01038;0.00331;1.00000;1.00000;44.50072;50.41452;50.99287;50.99082;51.21052;58.68155;58.68155;9.13991;-3.20504;4.85436;0.51460;-1.04915;8.67346;0.97138;0.11199;6.78130;395.53030;371.74268;417.93243;417.87036;23.72894;33.63021;38.09335;34.23298;26.64137;26.63865;0.54718;0.93019;30.72918;-12.10230;2.74531;1.94785;1.43568;0.61477
91.65365;81.82636;0.01091;0.01016;0.00322;1.00000;1.00000;43.63251;49.82127;50.39332;50.39221;50.21140;57.99160;57.99159;9.36645;-2.76363;5.18604;0.37856;-1.00020;8.58255;0.98933;0.11527;6.71464;392.31458;370.85797;414.42902;414.66055;24.79381;32.79379;38.15294;34.64306;26.87008;26.85862;0.58550;0.90424;31.94276;-11.73057;0.45756;1.99971;1.43260;0.59435
96.53091;98.08730;0.01036;0.01025;0.00327;1.00000;1.00000;42.85362;49.31549;49.88200;49.88194;49.31506;57.40318;57.40318;9.51957;-2.78110;5.52066;0.08237;-0.94351;8.49709;1.00017;0.11771;6.62930;388.75009;367.75037;409.99026;410.25897;24.83214;32.65839;38.12304;34.60174;26.94576;26.79914;0.59094;0.90660;32.07795;-12.06898;0.83586;2.00372;1.43291;0.59255
95.52660;101.24532;0.01047;0.01065;0.00337;1.00000;1.00000;42.19129;48.94913;49.51128;49.51012;48.55287;56.97656;56.97656;9.63465;-2.97274;5.72742;-0.39012;-0.93800;8.42827;1.00777;0.11957;6.55435;386.39441;364.97031;406.77710;406.84305;24.53069;32.88790;38.15541;34.50560;26.99505;26.75904;0.58404;0.92280;32.02625;-12.29193;1.74898;1.99920;1.43129;0.59669
94.97652;96.16309;0.01053;0.01055;0.00345;1.00000;1.00000;41.70820;48.76305;49.32236;49.31522;47.99694;56.75916;56.75915;9.69551;-3.01869;5.75762;-0.97450;-0.95415;8.39725;1.01180;0.12049;6.51405;385.21652;363.75186;405.22940;405.18362;24.47145;32.92582;38.15821;34.48860;27.01232;26.76134;0.58358;0.92794;31.89972;-12.48301;1.84147;1.99368;1.43194;0.59688
95.44606;102.29133;0.01048;0.01028;0.00352;1.00000;1.00000;41.46324;48.77525;49.33334;49.31440;47.71504;56.77180;56.77180;9.69725;-2.90571;5.62642;-1.58778;-0.95503;8.40154;1.01211;0.12047;6.51021;385.39209;364.37030;405.55597;405.54141;24.69606;32.75745;38.15407;34.56080;27.03782;26.78402;0.59094;0.91988;31.82267;-12.60833;1.37634;1.99228;1.43563;0.59357
96.78301;102.10332;0.01033;0.01067;0.00366;1.00000;1.00000;41.48065;48.97443;49.53281;49.49842;47.73508;57.00134;57.00134;9.64706;-2.75672;5.34586;-2.13524;-0.93501;8.42949;1.00895;0.11969;6.53326;387.05170;366.51636;407.69196;407.75293;25.00627;32.59913;38.19764;34.68373;27.09808;26.81647;0.59961;0.90864;31.81726;-12.65247;0.96664;1.99511;1.44200;0.59269
96.46913;97.40892;0.01037;0.01036;0.00350;1.00000;1.00000;41.73734;49.31689;49.87664;49.82780;48.03047;57.39702;57.39701;9.55902;-2.63750;4.90707;-2.53568;-0.90671;8.47281;1.00314;0.11840;6.57719;389.94168;369.69687;411.21649;411.32986;25.28385;32.54931;38.29588;34.82659;27.18336;26.85871;0.60580;0.89976;31.86716;-12.62238;0.80662;2.00092;1.45024;0.59496
87.05325;68.49784;0.01149;0.01085;0.00365;1.00000;1.00000;42.18019;49.74722;50.30894;50.25116;48.54010;57.89449;57.89449;9.44830;-2.53087;4.28431;-2.74617;-0.87794;8.52695;0.99572;0.11677;6.63651;393.55850;373.48251;415.55997;415.71616;25.54770;32.55069;38.41811;34.97799;27.27263;26.90989;0.61066;0.89149;31.95993;-12.53053;0.71634;2.00907;1.45946;0.59862
84.08128;80.47642;0.01189;0.01172;0.00361;1.00000;1.00000;42.73470;50.19486;50.75853;50.70010;49.17822;58.41188;58.41188;9.33397;-2.41234;3.47029;-2.74960;-0.84842;8.58436;0.98803;0.11510;6.70069;397.24924;377.38522;420.03030;420.23920;25.83490;32.52472;38.53117;35.13114;27.35512;26.96020;0.61622;0.88230;32.09256;-12.39286;0.53870;2.01883;1.46836
