f-act,_/sec;f-sim,_/sec;frame,_time;__cpu,_time;_gpu_,time_;_grnd,ratio;_flit,ratio;_Vind,_kias;_Vind,_keas;Vtrue,_ktas;Vtrue,_ktgs;_Vind,__mph;Vtrue,mphas;Vtrue,mphgs;alpha,__deg;_beta,__deg;hpath,__deg;vpath,__deg;_slip,__deg;__lat,__deg;__lon,__deg;__alt,ftmsl;__alt,ftagl;___on,runwy;__alt,__ind;__lat,orign;__lon,orign;thro1,_part;thro1,_part;power,_1,hp;thrst,_1,lb;trq_1,_ftlb;_lift,___lb;_drag,___lb;_side,___lb;____L,lb-ft;____M,lb-ft;____N,lb-ft;__L/D,ratio;___cl,total;___cd,total;__L/D,*etaP;hstab,_lift;hstab,_lift;vstb1,_lift;hstab,_drag;hstab,_drag;vstb1,_drag
0.55843;26.79313;1.79072;2.63647;0.00736;1.00000;1.00000;86.96774;87.64067;88.66929;88.66323;100.08069;102.03880;102.03881;2.22338;-2.16077;4.92074;0.67035;-0.86236;-36.72827;-73.08203;1006.88104;1002.96710;0.00000;926.81110;-36.50000;-73.00000;0.93090;0.07465;-34.22060;369.34314;-79.55717;2628.65649;217.01978;-72.22851;-90.20756;-3248.48218;586.43024;12.11252;0.49924;0.04122;74.51903;111.82471;112.38632;41.15413;5.70056;5.68608;2.25280
120.65662;97.59906;0.00829;0.00509;0.00316;1.00000;1.00000;54.25055;87.89815;88.93133;88.92382;62.43042;102.34035;102.34035;1.95753;-0.47419;4.96309;0.74461;-0.92823;-36.72798;-73.08200;1008.05560;1004.17242;0.00000;659.64319;-36.50000;-73.00000;0.86056;0.86056;114.15369;295.24265;275.32547;2360.43652;200.78160;1.26104;231.57718;-184.04395;-160.55270;11.75624;0.44568;0.03791;9.04346;30.03610;-9.88808;-10.00704;2.99143;2.76705;1.54048
97.25775;99.54211;0.01028;0.00856;0.00482;1.00000;1.00000;78.37194;88.26727;89.30972;89.23876;90.18882;102.77580;102.77581;2.23716;-0.64295;5.33631;2.28429;-0.43009;-36.72757;-73.08195;1011.80975;1007.96930;0.00000;891.56470;-36.50000;-73.00000;0.76090;0.76090;96.31732;299.85510;227.46892;2532.53247;220.44780;-11.93773;232.71727;-359.73306;-96.47758;11.48813;0.47418;0.04128;9.93592;56.90710;-22.22726;-6.01071;3.72795;3.13942;1.73838
97.88471;101.37875;0.01022;0.01027;0.00294;1.00000;1.00000;85.99554;87.74113;88.78806;88.60104;98.96190;102.17548;102.17548;1.77826;-2.32970;5.25246;3.71953;-0.74411;-36.72716;-73.08190;1020.01068;1016.21216;0.00000;980.95081;-36.50000;-73.00000;0.66042;0.66042;76.34685;250.28241;187.19350;2315.39526;207.18539;-58.23368;173.78755;-276.04865;206.11806;11.17548;0.43874;0.03926;9.97926;52.88874;-29.46848;17.35168;3.55482;3.26616;1.95338
88.53602;81.30742;0.01129;0.01024;0.00302;1.00000;1.00000;87.13859;86.71384;87.76141;87.57393;100.27730;100.99403;100.99403;1.31493;-1.42233;5.21159;3.74581;-0.94020;-36.72675;-73.08186;1030.00488;1026.24670;0.00000;1007.31677;-36.50000;-73.00000;0.56043;0.56043;57.85898;199.56181;149.46655;2078.83325;183.59393;-24.78310;131.37732;-227.85570;-43.65188;11.32300;0.40331;0.03562;10.45850;44.37647;-29.46656;-0.35642;3.28534;3.14038;1.74180
98.48560;99.19651;0.01015;0.01104;0.00370;1.00000;1.00000;86.56049;85.63538;86.68050;86.59578;99.61203;99.75014;99.75014;0.98161;-1.16657;5.35495;2.53350;-0.83253;-36.72635;-73.08181;1038.29834;1034.57886;0.00000;1019.97473;-36.50000;-73.00000;0.46059;0.46059;41.15948;151.09302;113.07715;1890.60828;169.71901;-21.78047;103.85312;-171.91060;-15.99886;11.13964;0.37609;0.03376;10.74630;34.96055;-27.59323;0.67739;2.98297;2.97118;1.67696
102.00529;105.30750;0.00980;0.00998;0.00353;1.00000;1.00000;85.63063;84.79022;85.83003;85.82667;98.54197;98.77145;98.77143;0.95612;-1.32727;5.43450;0.50663;-0.88098;-36.72596;-73.08176;1042.25037;1038.56812;0.00000;1028.15063;-36.50000;-73.00000;0.36067;0.36067;26.30704;104.79816;77.51237;1827.98926;164.47218;-27.60545;68.34738;-78.15553;55.81639;11.11428;0.37091;0.03337;11.40550;25.46427;-24.37079;5.54660;2.67443;2.78786;1.58353
96.42030;104.21008;0.01037;0.00969;0.00333;1.00000;1.00000;84.82816;84.22514;85.25659;85.23443;97.61851;98.11153;98.11154;1.37527;-0.88245;5.52886;-1.30654;-0.84119;-36.72556;-73.08172;1041.10303;1037.45654;0.00000;1031.84766;-36.50000;-73.00000;0.26090;0.26090;13.37135;61.77369;42.60442;1945.05176;169.76631;-17.07336;34.68790;-82.18330;-4.14797;11.45723;0.39998;0.03491;13.22608;22.83232;-16.57793;0.95935;2.60833;2.55033;1.41573
102.87748;100.74552;0.00972;0.01002;0.00296;1.00000;1.00000;84.22735;83.78976;84.80989;84.73642;96.92710;97.59748;97.59747;1.82760;-0.49092;5.66609;-2.38499;-0.67877;-36.72517;-73.08167;1036.30737;1032.69568;0.00000;1030.92932;-36.50000;-73.00000;0.30665;0.30665;19.32122;48.16280;63.83238;2078.19897;177.86954;-10.66810;46.99573;-93.78497;-3.73509;11.68384;0.43181;0.03696;8.94482;18.03150;-6.35925;0.20459;2.45641;2.41784;1.28646
103.73155;104.92079;0.00964;0.00953;0.00314;1.00000;1.00000;83.80250;83.61739;84.62735;84.53557;96.43819;97.38742;97.38742;2.22646;-0.30608;5.77577;-2.66873;-0.50326;-36.72478;-73.08162;1029.82593;1026.24792;0.00000;1026.56799;-36.50000;-73.00000;0.40684;0.40684;32.42020;79.91003;101.61522;2212.31763;188.15692;-7.00805;85.61071;-125.12737;-25.01132;11.75783;0.46158;0.03926;8.73493;20.70005;-3.15800;-1.51853;2.47852;2.41416;1.26350
100.32972;97.58955;0.00997;0.00948;0.00324;1.00000;1.00000;83.60777;83.64816;84.65079;84.58770;96.21411;97.41439;97.41438;2.46422;-0.53126;5.79530;-2.21202;-0.40306;-36.72440;-73.08157;1023.63812;1020.09259;0.00000;1020.59753;-36.50000;-73.00000;0.50657;0.50657;47.30438;125.19785;138.26350;2309.39844;198.92461;-12.65481;122.92761;-185.37520;-14.60368;11.60942;0.48148;0.04147;8.94958;29.45679;-5.86575;-0.35562;2.65307;2.47495;1.30107
98.82092;96.45062;0.01012;0.00996;0.00369;1.00000;1.00000;83.60758;83.83275;84.83187;84.80412;96.21389;97.62277;97.62279;2.43211;-1.01416;5.69546;-1.46576;-0.43418;-36.72401;-73.08153;1019.05884;1015.54480;0.00000;1014.80536;-36.50000;-73.00000;0.60616;0.60616;64.08284;177.03592;174.88489;2318.98633;200.93390;-22.62113;156.99438;-210.77942;4.27573;11.54104;0.48135;0.04171;9.07407;38.93254;-13.94764;1.87660;2.87873;2.60713;1.40361
95.33925;98.17397;0.01049;0.00991;0.00384;1.00000;1.00000;83.78813;84.22590;85.22627;85.21883;96.42166;98.07665;98.07666;2.27487;-1.51721;5.52199;-0.75750;-0.56202;-36.72362;-73.08147;1016.31525;1012.83185;0.00000;1010.35590;-36.50000;-73.00000;0.70575;0.70575;82.71678;232.82004;211.89308;2296.93042;200.44078;-31.82510;189.01593;-238.14380;9.59688;11.45940;0.47233;0.04122;9.05941;50.29356;-24.98008;3.18630;3.25549;2.90083;1.56382
95.34637;89.98471;0.01049;0.01007;0.00375;1.00000;1.00000;84.19122;84.91393;85.92097;85.92031;96.88552;98.87608;98.87608;2.04656;-1.92242;5.33171;-0.22234;-0.74865;-36.72322;-73.08143;1015.11835;1011.66516;0.00000;1007.56354;-36.50000;-73.00000;0.80605;0.80605;103.31535;291.44104;249.76079;2264.54639;199.34488;-39.35752;222.50185;-256.57031;25.12706;11.35994;0.45816;0.04033;8.95854;58.02627;-33.56782;4.88641;3.58073;3.17161;1.73456
99.28013;99.15717;0.01007;0.01010;0.00369;1.00000;1.00000;84.89030;85.96278;86.98216;86.98189;97.69001;100.09728;100.09728;1.79244;-2.13513;5.18781;0.14423;-0.92151;-36.72282;-73.08138;1015.05133;1011.62750;0.00000;1006.27905;-36.50000;-73.00000;0.90613;0.90613;125.68915;348.71548;288.31259;2239.34741;198.70586;-41.50067;258.94583;-277.87662;-7.07132;11.26966;0.44207;0.03923;8.76347;67.51611;-44.19755;3.06405;3.99520;3.52962;1.96286
88.17452;93.07520;0.01134;0.00559;0.00296;1.00000;1.00000;86.17609;87.66546;88.70619;88.70405;99.16967;102.08126;102.08126;1.46246;-2.67934;5.07627;0.39796;-1.14589;-36.72234;-73.08133;1015.94135;1012.55182;0.00000;1006.18951;-36.50000;-73.00000;0.95008;0.95008;137.93755;392.31454;302.74030;2209.65381;199.55482;-54.82806;276.90491;-292.46118;37.65054;11.07292;0.41943;0.03788;8.72764;79.84958;-59.36273;6.65142;4.56205;4.08163;2.28144
82.27742;88.72327;0.01215;0.01087;0.00345;1.00000;1.00000;87.52287;88.98527;90.04311;90.04092;100.71952;103.61977;103.61977;1.21435;-2.63682;5.01177;0.39901;-1.39981;-36.72194;-73.08128;1017.03473;1013.67310;0.00000;1006.90192;-36.50000;-73.00000;0.85656;0.85656;117.26116;347.07758;263.18448;2173.13647;198.68608;-55.21869;234.84795;-249.75058;68.73278;10.93754;0.40035;0.03660;9.01756;70.22752;-55.21963;8.75403;4.27667;3.99536;2.25549
80.66788;78.08839;0.01240;0.01185;0.00306;1.00000;1.00000;88.80264;90.03789;91.10945;91.10847;102.19225;104.84689;104.84689;1.09084;-1.94305;5.13612;0.26626;-1.38445;-36.72152;-73.08124;1017.93073;1014.59656;0.00000;1007.87439;-36.50000;-73.00000;0.89840;0.89840;125.49870;338.40616;282.44778;2170.33130;197.17744;-34.52029;250.36073;-248.05978;-83.39432;11.00700;0.39054;0.03548;8.63950;67.47008;-54.05760;-2.46475;4.22070;3.97665;2.18916
89.70168;92.24242;0.01115;0.01221;0.00368;1.00000;1.00000;89.98074;91.34583;92.43377;92.43333;103.54800;106.37089;106.37090;0.96960;-2.37688;5.30782;0.17829;-1.33639;-36.72109;-73.08119;1018.51672;1015.20911;0.00000;1008.71289;-36.50000;-73.00000;0.99846;0.99846;149.07359;383.34668;323.29141;2181.56519;200.67661;-49.64481;293.37314;-271.41458;-0.05970;10.87105;0.38140;0.03508;8.24919;78.16666;-65.14591;3.37980;4.64212;4.36894;2.38610
89.00982;90.22827;0.01123;0.01064;0.00388;1.00000;1.00000;91.30247;92.91520;94.02240;94.02216;105.06901;108.19904;108.19904;0.80617;-2.83568;5.33360;0.13016;-1.53777;-36.72066;-73.08114;1018.93811;1015.65625;0.00000;1009.31921;-36.50000;-73.00000;1.00000;1.00000;150.93243;394.20193;322.01532;2184.42310;204.33046;-62.46978;291.33713;-263.77417;60.79762;10.69064;0.36911;0.03453;8.24134;82.28883;-72.25353;8.24684;4.87390;4.67210;2.63541
88.54180;96.26492;0.01129;0.01090;0.00399;1.00000;1.00000;92.80590;94.47825;95.60452;95.60438;106.79913;110.01971;110.01971;0.65686;-2.57287;5.37396;0.09503;-1.64819;-36.72023;-73.08109;1019.24792;1015.99115;0.00000;1009.75537;-36.50000;-73.00000;1.00000;1.00000;151.44296;389.44177;321.36166;2190.03638;205.62950;-53.55014;290.10770;-262.11356;-23.34574;10.65040;0.35791;0.03361;8.21402;82.57507;-74.95271;2.45210;4.96042;4.82314;2.68044
87.81771;86.16233;0.01139;0.01084;0.00384;1.00000;1.00000;94.35610;95.99383;97.13848;97.13843;108.58307;111.78497;111.78499;0.51314;-2.57857;5.44612;0.06744;-1.68340;-36.71978;-73.08104;1019.48175;1016.24921;0.00000;1010.07379;-36.50000;-73.00000;1.00000;1.00000;151.85066;384.58456;320.84698;2189.24878;208.21442;-57.01141;290.65564;-258.48926;7.11769;10.51440;0.34658;0.03296;8.11252;82.10438;-77.11566;4.48518;5.00871;4.94746;2.74688
85.63992;89.34155;0.01168;0.01127;0.00408;1.00000;1.00000;95.86494;97.45201;98.61427;98.61425;110.31940;113.48328;113.48328;0.38467;-2.54880;5.49203;0.02949;-1.74530;-36.71933;-73.08099;1019.62189;1016.41260;0.00000;1010.30969;-36.50000;-73.00000;1.00000;1.00000;152.22514;379.87479;320.38260;2189.69067;210.50499;-57.46989;289.67297;-252.14023;3.85675;10.40209;0.33635;0.03233;8.02829;81.37141;-79.08639;4.36717;5.04957;5.06025;2.79735
88.80202;77.15454;0.01126;0.01158;0.00418;1.00000;1.00000;97.32298;98.86105;100.04015;100.04015;111.99728;115.12416;115.12416;0.26955;-2.46566;5.53860;-0.00312;-1.76898;-36.71888;-73.08092;1019.65826;1016.47107;0.00000;1010.44525;-36.50000;-73.00000;1.00000;1.00000;152.59184;375.37793;319.93842;2192.21313;212.83852;-56.62472;289.53687;-249.44107;-9.08960;10.29989;0.32721;0.03177;7.95017;80.73956;-80.82989;3.71144;5.09291;5.16640;2.84217
86.97562;65.86314;0.01150;0.01101;0.00403;1.00000;1.00000;98.73065;100.21876;101.41399;101.41397;113.61721;116.70514;116.70514;0.16197;-2.44615;5.56981;-0.03101;-1.79473;-36.71841;-73.08087;1019.60718;1016.44104;0.00000;1010.48163;-36.50000;-73.00000;1.00000;1.00000;152.94983;371.01743;319.51596;2193.56982;215.40254;-58.01669;289.22055;-245.13771;1.29153;10.18358;0.31860;0.03129;7.85716;80.07013;-82.62268;4.29247;5.13433;5.27226;2.89174
92.08065;87.45846;0.01086;0.01085;0.00401;1.00000;1.00000;100.09695;101.52680;102.73743;102.73739;115.18951;118.22813;118.22814;0.06318;-2.39599;5.58737;-0.05462;-1.81646;-36.71795;-73.08082;1019.47742;1016.33130;0.00000;1010.43506;-36.50000;-73.00000;1.00000;1.00000;153.30005;366.58655;319.11505;2195.52026;217.90570;-58.17660;288.41595;-241.53142;-0.25252;10.07555;0.31072;0.03084;7.76365;79.09296;-83.99324;4.25925;5.16637;5.36316;2.93318
92.54851;98.40583;0.01081;0.01081;0.00399;1.00000;1.00000;101.41467;102.78741;104.01277;104.01268;116.70592;119.69576;119.69576;-0.02822;-2.31118;5.59551;-0.07292;-1.82971;-36.71747;-73.08076;1019.28174;1016.15448;0.00000;1010.30804;-36.50000;-73.00000;1.00000;1.00000;153.64597;362.29913;318.73221;2197.70313;220.44928;-57.39301;288.39374;-237.39977;-2.37629;9.96920;0.30345;0.03044;7.66971;76.72716;-83.91801;4.14484;5.15557;5.40562;2.95304
88.36064;83.48639;0.01132;0.01074;0.00395;1.00000;1.00000;102.67071;103.98766;105.22696;105.22687;118.15134;121.09303;121.09304;-0.11177;-2.21693;5.60191;-0.08194;-1.82108;-36.71700;-73.08070;1019.04279;1015.93286;0.00000;1010.11859;-36.50000;-73.00000;1.00000;1.00000;154.00117;358.23248;318.40222;2200.17090;222.98621;-56.35883;288.62494;-235.26086;-5.53599;9.86685;0.29681;0.03008;7.57638;74.50700;-83.79134;3.92836;5.15030;5.44718;2.97224
94.05014;84.60237;0.01063;0.01144;0.00418;1.00000;1.00000;103.89393;105.16788;106.42084;106.42072;119.55900;122.46691;122.46691;-0.19264;-2.14131;5.60502;-0.08473;-1.79838;-36.71651;-73.08064;1018.78015;1015.68658;0.00000;1009.88489;-36.50000;-73.00000;1.00000;1.00000;154.40245;354.18887;318.16183;2201.95728;222.04456;-54.64379;289.21625;-233.04291;-3.90411;9.91674;0.29042;0.02929;7.59515;72.37563;-83.67681;3.93631;5.14949;5.49024;2.99384
90.25771;85.98452;0.01108;0.01098;0.00416;1.00000;1.00000;105.06876;106.29266;107.55859;107.55848;120.91097;123.77623;123.77623;-0.25866;-2.06142;5.60438;-0.08326;-1.76993;-36.71601;-73.08058;1018.51239;1015.43365;0.00000;1009.62683;-36.50000;-73.00000;1.00000;1.00000;154.79713;350.29242;317.93982;2208.96411;224.78111;-53.81367;289.42194;-239.39627;-6.62729;9.82718;0.28522;0.02902;7.50385;69.38914;-82.07221;3.76592;5.07862;5.50394;3.01426
88.16711;87.07767;0.01134;0.01114;0.00397;1.00000;1.00000;106.20270;107.36654;108.64488;108.64481;122.21589;125.02631;125.02631;-0.34015;-1.99794;5.59721;-0.07243;-1.74551;-36.71552;-73.08052;1018.27466;1015.20947;0.00000;1009.36871;-36.50000;-73.00000;1.00000;1.00000;155.18402;346.57632;317.73682;2202.41528;226.92181;-53.48053;289.53403;-227.15469;-5.51900;9.70561;0.27871;0.02872;7.38805;66.92886;-82.53162;3.87729;5.07687;5.55835;3.03743
87.64375;89.74244;0.01141;0.01063;0.00389;1.00000;1.00000;107.27341;108.38324;109.67329;109.67316;123.44804;126.20977;126.20977;-0.40775;-1.93450;5.58382;-0.08311;-1.72570;-36.71502;-73.08046;1018.02814;1014.97491;0.00000;1009.12518;-36.50000;-73.00000;1.00000;1.00000;155.56009;343.02637;317.55554;2201.15088;229.18575;-52.90933;289.53491;-223.54372;-6.89844;9.60422;0.27335;0.02846;7.28692;64.93680;-82.63657;3.80998;5.08472;5.60344;3.05927
92.34066;93.15324;0.01083;0.01111;0.00386;1.00000;1.00000;108.30788;109.36708;110.66837;110.66823;124.63848;127.35489;127.35490;-0.46776;-1.87740;5.56677;-0.09574;-1.70687;-36.71451;-73.08040;1017.73517;1014.69244;0.00000;1008.86688;-36.50000;-73.00000;1.00000;1.00000;155.93533;339.57889;317.39261;2202.19727;231.54137;-52.50338;289.53107;-220.62944;-6.96647;9.51103;0.26858;0.02824;7.19112;63.06011;-82.69888;3.82931;5.09690;5.64756;3.08141
93.52257;91.02494;0.01069;0.01099;0.00413;1.00000;1.00000;109.28790;110.29909;111.61092;111.61074;125.76627;128.43956;128.43956;-0.52236;-1.82428;5.54784;-0.10431;-1.68960;-36.71400;-73.08033;1017.40637;1014.37256;0.00000;1008.57489;-36.50000;-73.00000;1.00000;1.00000;156.30251;336.30460;317.25156;2203.70581;233.83711;-52.07311;289.50662;-217.98463;-7.54179;9.42411;0.26424;0.02804;7.09972;61.28872;-82.76088;3.81078;5.11026;5.69062;3.10303
89.37508;80.48289;0.01119;0.01150;0.00425;1.00000;1.00000;110.22201;111.18715;112.50896;112.50875;126.84122;129.47299;129.47299;-0.57335;-1.77513;5.52865;-0.10848;-1.67300;-36.71348;-73.08027;1017.05377;1014.02722;0.00000;1008.24646;-36.50000;-73.00000;1.00000;1.00000;156.66414;333.17819;317.13147;2205.01855;236.06500;-51.68257;289.49600;-215.48868;-7.94615;9.34073;0.26019;0.02786;7.01145;59.59549;-82.83647;3.80044;5.12469;5.73274;3.12428
87.69604;88.73901;0.01140;0.01084;0.00397;1.00000;1.00000;111.11334;112.03077;113.36201;113.36180;127.86696;130.45468;130.45468;-0.62113;-1.72991;5.51010;-0.10941;-1.65753;-36.71296;-73.08021;1016.69049;1013.66949;0.00000;1007.90179;-36.50000;-73.00000;1.00000;1.00000;157.02019;330.20557;317.03253;2205.98608;238.21385;-51.31848;289.49408;-213.06027;-8.32171;9.26053;0.25640;0.02769;6.92565;57.97708;-82.92961;3.79025;5.14104;5.77394;3.14515
93.00782;94.85867;0.01075;0.01067;0.00389;1.00000;1.00000;111.96146;112.83346;114.17361;114.17342;128.84296;131.38866;131.38867;-0.66598;-1.68775;5.49286;-0.10847;-1.64294;-36.71244;-73.08015;1016.32416;1013.30707;0.00000;1007.54120;-36.50000;-73.00000;1.00000;1.00000;157.37108;327.37036;316.95465;2206.68140;240.28270;-50.96333;289.51447;-210.71400;-8.75227;9.18369;0.25285;0.02753;6.84206;56.42961;-83.03776;3.77330;5.15840;5.81439;3.16579
86.95929;82.79517;0.01150;0.01090;0.00405;1.00000;1.00000;112.76363;113.59349;114.94207;114.94186;129.76607;132.27298;132.27298;-0.70776;-1.64890;5.47736;-0.10650;-1.62926;-36.71191;-73.08009;1015.96082;1012.94580;0.00000;1007.17389;-36.50000;-73.00000;1.00000;1.00000;157.71631;324.68729;316.89813;2207.21875;242.26401;-50.63307;289.63611;-208.46732;-9.09931;9.11080;0.24953;0.02739;6.76244;54.95985;-83.15702;3.75851;5.17582;5.85354;3.18586
89.66965;94.15309;0.01115;0.01109;0.00396;1.00000;1.00000;113.52872;114.31589;115.67243;115.67224;130.64653;133.11346;133.11346;-0.74682;-1.61257;5.46356;-0.10387;-1.61631;-36.71138;-73.08002;1015.60193;1012.58728;0.00000;1006.80786;-36.50000;-73.00000;1.00000;1.00000;158.05739;322.13272;316.86267;2207.66260;244.17081;-50.30851;289.77502;-206.32864;-9.50865;9.04147;0.24644;0.02726;6.68581;53.55988;-83.28461;3.73638;5.19329;5.89150;3.20544
94.68613;92.36169;0.01056;0.01077;0.00396;1.00000;1.00000;114.25166;114.99893;116.36298;116.36280;131.47847;133.90813;133.90813;-0.78319;-1.57908;5.45147;-0.10092;-1.60411;-36.71084;-73.07996;1015.25104;1012.23486;0.00000;1006.45325;-36.50000;-73.00000;1.00000;1.00000;158.39372;319.72125;316.84863;2208.01147;245.99696;-50.00970;289.95242;-204.28172;-9.83792;8.97577;0.24356;0.02714;6.61214;52.23418;-83.41850;3.71913;5.21142;5.92812;3.22442
94.08658;91.75996;0.01063;0.01048;0.00389;1.00000;1.00000;114.93664;115.64610;117.01723;117.01706;132.26672;134.66103;134.66103;-0.81707;-1.54789;5.44073;-0.09778;-1.59258;-36.71030;-73.07989;1014.90826;1011.88873;0.00000;1006.10046;-36.50000;-73.00000;1.00000;1.00000;158.72627;317.43793;316.85580;2208.34595;247.75049;-49.72205;290.13800;-202.34496;-10.19001;8.91359;0.24088;0.02702;6.54222;50.97896;-83.55566;3.69884;5.23020;5.96349;3.24281
88.06558;95.36524;0.01136;0.01058;0.00388;1.00000;1.00000;115.58488;116.24955;117.62726;117.62710;133.01271;135.36304;135.36304;-0.84880;-1.51777;5.43126;-0.09502;-1.58188;-36.70976;-73.07983;1014.57446;1011.54968;0.00000;1005.75977;-36.50000;-73.00000;0.98664;0.98664;155.53085;311.87918;310.60721;2208.03638;249.36594;-49.48380;285.05560;-198.90292;-8.98688;8.85460;0.23835;0.02692;6.53535;49.49991;-83.50059;3.77052;5.24149;5.99069;3.25731
92.32526;89.76661;0.01083;0.01055;0.00386;1.00000;1.00000;116.17645;116.77148;118.15480;118.15462;133.69347;135.97012;135.97012;-0.87608;-1.47139;5.42538;-0.09608;-1.56827;-36.70922;-73.07977;1014.24536;1011.21338;0.00000;1005.42682;-36.50000;-73.00000;0.97255;0.97255;151.83647;304.20770;304.03183;2207.27710;250.62631;-48.51736;278.43375;-194.41928;-9.92352;8.80704;0.23614;0.02681;6.53032;47.29749;-82.61580;3.65571;5.22991;5.98934;3.25801
91.24382;87.49672;0.01096;0.01066;0.00385;1.00000;1.00000;116.70366;117.23125;118.61942;118.61925;134.30017;136.50481;136.50481;-0.89859;-1.42101;5.42595;-0.09867;-1.54446;-36.70868;-73.07970;1013.90558;1010.86456;0.00000;1005.09320;-36.50000;-73.00000;0.96436;0.96436;149.71497;298.87512;300.23227;2207.48730;251.74983;-47.39083;274.66852;-191.50871;-11.17356;8.76858;0.23432;0.02672;6.51168;45.16132;-81.54018;3.50246;5.21599;5.98077;3.25532
91.16131;97.03087;0.01097;0.01087;0.00399;1.00000;1.00000;117.16940;117.64564;119.03812;119.03793;134.83615;136.98663;136.98662;-0.91795;-1.38225;5.42938;-0.09953;-1.51804;-36.70813;-73.07964;1013.55853;1010.50641;0.00000;1004.75049;-36.50000;-73.00000;0.95967;0.95967;148.59184;295.58130;298.05054;2208.28516;252.83623;-46.62956;272.83063;-189.65823;-11.36959;8.73405;0.23275;0.02665;6.48857;43.48572;-80.76290;3.44172;5.21064;5.97960;3.25617
85.44916;80.17960;0.01170;0.01068;0.00388;1.00000;1.00000;117.58911;118.02788;119.42427;119.42410;135.31914;137.43100;137.43100;-0.93562;-1.35216;5.43240;-0.09733;-1.49300;-36.70758;-73.07957;1013.21191;1010.14679;0.00000;1004.40906;-36.50000;-73.00000;0.95738;0.95738;148.11107;293.22516;296.97946;2209.11426;253.88287;-46.09616;271.96194;-188.26642;-11.59102;8.70131;0.23133;0.02659;6.45721;42.21399;-80.30934;3.39789;5.21259;5.98644;3.26072
87.13300;93.92317;0.01148;0.01095;0.00398;1.00000;1.00000;117.97449;118.38004;119.78001;119.77986;135.76263;137.84038;137.84039;-0.95218;-1.32855;5.43266;-0.09279;-1.47197;-36.70703;-73.07951;1012.87695;1009.79681;0.00000;1004.06482;-36.50000;-73.00000;0.95302;0.95302;147.10289;290.56064;294.94662;2209.57666;254.85912;-45.74280;270.22766;-186.71068;-11.33635;8.66980;0.23001;0.02653;6.43680;41.13177;-80.01530;3.39807;5.21725;5.99632;3.26671
86.93903;88.23010;0.01150;0.01078;0.00398;1.00000;1.00000;118.32201;118.64658;120.04914;120.04899;136.16255;138.15009;138.15009;-0.96816;-1.29691;5.43081;-0.09105;-1.45495;-36.70648;-73.07944;1012.55548;1009.45844;0.00000;1003.72888;-36.50000;-73.00000;0.89497;0.89497;132.19810;271.43073;268.45663;2206.36548;255.31409;-45.37996;245.24139;-176.70786;-3.84297;8.64177;0.22864;0.02646;6.65694;38.42075;-78.53807;3.81919;5.18378;5.96507;3.25363
82.73830;69.59427;0.01209;0.01082;0.00388;1.00000;1.00000;118.57774;118.84080;120.24506;120.24488;136.45683;138.37555;138.37553;-0.97240;-1.21278;5.43700;-0.09588;-1.41747;-36.70592;-73.07937;1012.21899;1009.10291;0.00000;1003.40411;-36.50000;-73.00000;0.97169;0.97169;151.25928;286.59436;303.71582;2210.35034;255.65143;-41.78043;274.65570;-184.29048;-25.63003;8.64595;0.22831;0.02641;6.27420;36.93356;-76.76315;2.26310;5.16516;5.93055;3.23851
90.58930;91.44111;0.01104;0.01183;0.00430;1.00000;1.00000;118.83878;119.23402;120.64238;120.64227;136.75723;138.83278;138.83276;-0.98632;-1.29330;5.43382;-0.07367;-1.39098;-36.70537;-73.07931;1011.91180;1008.77460;0.00000;1003.07025;-36.50000;-73.00000;1.00000;1.00000;160.61963;304.63791;317.34558;2215.78320;257.70734;-45.86227;293.10706;-194.12764;-9.49400;8.59806;0.22736;0.02644;6.17870;40.68656;-80.65581;3.55509;5.27294;6.06450;3.30257
78.76107;81.73941;0.01270;0.01266;0.00441;1.00000;1.00000;119.20027;119.64410;121.05693;121.05688;137.17323;139.30983;139.30983;-1.00954;-1.34138;5.39974;-0.05056;-1.42719;-36.70481;-73.07924;1011.69427;1008.53406;0.00000;1002.78210;-36.50000;-73.00000;1.00000;1.00000;161.20198;303.74088;317.64682;2213.58447;259.11984;-47.56830;292.69336;-191.31058;-10.07118;8.54270;0.22558;0.02641;6.11086;42.10921;-83.25913;3.70510;5.34032;6.15820;3.34662
83.48193;81.29420;0.01198;0.01287;0.00424;1.00000;1.00000;119.59486;120.02960;121.44669;121.44667;137.62732;139.75835;139.75836;-1.03080;-1.33796;5.36537;-0.03660;-1.44974;-36.70425;-73.07918;1011.54077;1008.35529;0.00000;1002.56396;-36.50000;-73.00000;1.00000;1.00000;161.60103;302.42889;317.89944;2211.55737;260.24045;-47.69040;292.57169;-190.17744;-12.34220;8.49813;0.22393;0.02635;6.05542;42.16456;-84.28399;3.59724;5.37495;6.20729;3.37089
85.38936;94.64320;0.01171;0.01204;0.00432;1.00000;1.00000;119.97615;120.39056;121.81170;121.81168;138.06609;140.17841;140.17841;-1.04999;-1.33725;5.33295;-0.03142;-1.47177;-36.70369;-73.07911;1011.42102;1008.20837;0.00000;1002.40186;-36.50000;-73.00000;1.00000;1.00000;161.96336;301.25253;318.16165;2209.85889;261.27948;-47.99565;292.57190;-188.45692;-11.27942;8.45784;0.22242;0.02630;6.00727;41.72942;-84.77614;3.71095;5.39647;6.23963;3.38765
80.26260;85.76329;0.01246;0.01093;0.00395;1.00000;1.00000;120.33466;120.73048;122.15543;122.15540;138.47867;140.57396;140.57396;-1.06670;-1.32467;5.30923;-0.03130;-1.48309;-36.70314;-73.07904;1011.30988;1008.06799;0.00000;1002.27264;-36.50000;-73.00000;1.00000;1.00000;162.32501;300.19272;318.45480;2209.21948;262.26254;-47.83074;292.75699;-187.38474;-12.46479;8.42369;0.22110;0.02625;5.96484;41.19037;-85.04359;3.63733;5.41378;6.26492;3.40068
90.53421;94.44655;0.01105;0.01139;0.00383;1.00000;1.00000;120.67625;121.05450;122.48306;122.48304;138.87177;140.95100;140.95099;-1.08190;-1.31600;5.29371;-0.03322;-1.49047;-36.70258;-73.07898;1011.19440;1007.92120;0.00000;1002.16089;-36.50000;-73.00000;1.00000;1.00000;162.70425;299.22556;318.79642;2209.06250;263.23236;-47.84702;293.02460;-186.26971;-12.05194;8.39206;0.21991;0.02620;5.92532;40.63726;-85.25258;3.67031;5.42933;6.28771;3.41266
101.78058;102.83834;0.00983;0.01124;0.00412;1.00000;1.00000;121.00131;121.36376;122.79575;122.79573;139.24583;141.31084;141.31084;-1.09581;-1.30460;5.28657;-0.03527;-1.49332;-36.70201;-73.07891;1011.07080;1007.76410;0.00000;1002.04279;-36.50000;-73.00000;1.00000;1.00000;163.11797;298.36230;319.20929;2209.31519;264.16809;-47.71296;293.43866;-185.38692;-12.68292;8.36329;0.21881;0.02616;5.88778;40.11373;-85.43604;3.62220;5.44432;6.30920;3.42376
99.50534;96.13536;0.01005;0.00974;0.00313;1.00000;1.00000;121.31148;121.65960;123.09484;123.09481;139.60275;141.65501;141.65501;-1.10886;-1.29506;5.28606;-0.03641;-1.49402;-36.70145;-73.07885;1010.94061;1007.59821;0.00000;1001.91821;-36.50000;-73.00000;1.00000;1.00000;163.58984;297.62277;319.73145;2209.68921;265.07806;-47.65307;293.93738;-184.58661;-12.74497;8.33599;0.21779;0.02613;5.85116;39.62786;-85.62284;3.61139;5.45902;6.33022;3.43460
101.04874;99.00990;0.00990;0.00961;0.00277;1.00000;1.00000;121.60596;121.93500;123.37325;123.37323;139.94165;141.97540;141.97540;-1.12128;-1.28458;5.29037;-0.03670;-1.49324;-36.70088;-73.07878;1010.80847;1007.42841;0.00000;1001.79028;-36.50000;-73.00000;0.99282;0.99282;161.75217;294.81046;316.22559;2209.68726;265.90247;-47.57603;291.02136;-182.87215;-12.17895;8.31014;0.21680;0.02609;5.84825;38.99646;-85.69080;3.63256;5.46928;6.34645;3.44312
89.91338;92.38728;0.01112;0.01022;0.00344;1.00000;1.00000;121.87737;122.16962;123.61039;123.61035;140.25397;142.24831;142.24829;-1.13209;-1.26366;5.29900;-0.03844;-1.48933;-36.70031;-73.07872;1010.67236;1007.25232;0.00000;1001.65790;-36.50000;-73.00000;0.98404;0.98404;158.96564;290.19174;311.37698;2209.25195;266.50604;-47.04356;286.28845;-180.24713;-12.63895;8.28969;0.21593;0.02605;5.85571;37.84487;-85.20559;3.55677;5.46555;6.34459;3.44315
88.71937;77.51338;0.01127;0.01082;0.00409;1.00000;1.00000;122.11198;122.36789;123.81073;123.81070;140.52396;142.47885;142.47885;-1.14044;-1.23890;5.31222;-0.04067;-1.47786;-36.69975;-73.07865;1010.52802;1007.06586;0.00000;1001.51978;-36.50000;-73.00000;0.98139;0.98139;158.05167;287.50537;309.86917;2209.45654;267.00998;-46.35505;284.48953;-178.82500;-13.59764;8.27481;0.21525;0.02601;5.84175;36.71566;-84.56278;3.43895;5.45896;6.33713;3.44056
86.28930;90.57152;0.01159;0.01146;0.00410;1.00000;1.00000;122.31602;122.54855;123.99326;123.99323;140.75876;142.68890;142.68890;-1.14758;-1.22202;5.32637;-0.04117;-1.46394;-36.69917;-73.07858;1010.37769;1006.87122;0.00000;1001.37579;-36.50000;-73.00000;0.98014;0.98014;157.82758;286.53522;309.35281;2210.08276;267.53088;-45.97068;284.39951;-178.31696;-13.76272;8.26104;0.21468;0.02599;5.82942;35.96694;-84.20049;3.39560;5.45863;6.33699;3.44136
84.97601;84.03362;0.01177;0.01117;0.00377;1.00000;1.00000;122.50291;122.75352;124.20039;124.20036;140.97385;142.92726;142.92726;-1.15422;-1.21858;5.33712;-0.03694;-1.45132;-36.69860;-73.07852;1010.23242;1006.67957;0.00000;1001.22852;-36.50000;-73.00000;1.00000;1.00000;166.75392;295.33203;324.47595;2212.48755;268.32715;-45.89304;298.56277;-182.57547;-17.71196;8.24549;0.21419;0.02598;5.70034;36.54901;-84.89301;3.16332;5.48643;6.36968;3.45701
69.30773;65.50934;0.01443;0.01251;0.00429;1.00000;1.00000;122.71593;122.99620;124.44570;124.44569;141.21898;143.20956;143.20956;-1.16540;-1.24650;5.33651;-0.02718;-1.45519;-36.69803;-73.07845;1010.11517;1006.52802;0.00000;1001.08673;-36.50000;-73.00000;1.00000;1.00000;166.74959;295.80945;323.75177;2212.33545;269.29776;-47.42667;298.64578;-182.28648;-11.05040;8.21520;0.21333;0.02597;5.68107;37.33828;-86.26949;3.69213;5.52384;6.42134;3.48205
87.19906;80.62566;0.01147;0.01199;0.00409;1.00000;1.00000;122.94566;123.22054;124.67253;124.67253;141.48335;143.47060;143.47061;-1.17631;-1.24228;5.32781;-0.02091;-1.46549;-36.69746;-73.07838;1010.02826;1006.42657;0.00000;1000.97156;-36.50000;-73.00000;1.00000;1.00000;166.74762;294.69147;323.50610;2211.48413;269.98215;-47.26252;298.32623;-181.21347;-14.80922;8.19122;0.21248;0.02594;5.65272;37.28924;-86.81270;3.46972;5.54319;6.44844;3.49502
78.74547;82.80888;0.01270;0.01225;0.00453;1.00000;1.00000;123.16759;123.42876;124.88306;124.88306;141.73874;143.71288;143.71289;-1.18618;-1.23957;5.31707;-0.01789;-1.47155;-36.69688;-73.07832;1009.95819;1006.40765;0.00000;1000.88428;-36.50000;-73.00000;0.99761;0.99761;166.16267;293.66766;322.18176;2210.76172;270.62347;-47.44601;297.90988;-180.34563;-13.29246;8.16914;0.21169;0.02591;5.64000;36.96758;-87.01834;3.58876;5.55485;6.46545;3.50414
92.10906;93.76464;0.01086;0.01174;0.00403;1.00000;1.00000;123.36352;123.51589;124.97109;124.97108;141.96420;143.81418;143.81418;-1.19585;-1.21014;5.30767;-0.02447;-1.47650;-36.69631;-73.07825;1009.88733;1006.38611;0.00000;1000.80878;-36.50000;-73.00000;0.89740;0.89740;135.67532;261.57367;268.98096;2204.40210;270.36777;-47.04681;249.52483;-164.36308;-1.75872;8.15335;0.21078;0.02585;6.05958;33.35252;-84.74200;4.22257;5.49479;6.40029;3.47544
86.88332;95.36524;0.01151;0.01027;0.00379;1.00000;1.00000;123.40845;123.31867;124.77132;124.77126;142.01591;143.58427;143.58427;-1.18972;-1.06164;5.32367;-0.05407;-1.43534;-36.69574;-73.07819;1009.74750;1006.29309;0.00000;1000.72620;-36.50000;-73.00000;0.79805;0.79805;109.60892;226.90712;223.87320;2200.85254;263.93466;-40.21958;205.78719;-150.42824;-9.92042;8.33863;0.21112;0.02532;6.65053;25.87680;-77.43303;3.13482;5.33989;6.18818;3.37958
86.96510;80.45699;0.01150;0.01136;0.00401;1.00000;1.00000;123.22121;122.87253;124.31939;124.31915;141.80045;143.06421;143.06421;-1.18039;-0.89020;5.38047;-0.11142;-1.32265;-36.69516;-73.07812;1009.46509;1006.05591;0.00000;1000.56909;-36.50000;-73.00000;0.69744;0.69744;86.04301;188.70294;181.65094;2188.55322;261.07437;-34.36894;165.66536;-129.27859;-10.04361;8.38287;0.21147;0.02523;7.05387;16.21321;-68.07202;2.59299;5.24852;5.83026;3.26480
90.53518;93.80863;0.01105;0.01185;0.00410;1.00000;1.00000;122.77797;122.15417;123.59162;123.59106;141.29037;142.22670;142.22670;-1.13194;-0.70560;5.46170;-0.16963;-1.17934;-36.69459;-73.07805;1008.94287;1005.57635;0.00000;1000.25562;-36.50000;-73.00000;0.60674;0.60674;66.73479;152.59695;146.14609;2194.94482;257.95892;-28.15788;130.06714;-116.37918;-10.73841;8.50889;0.21458;0.02522;7.48734;8.26719;-58.66568;1.95526;5.06880;5.55833;3.13615
87.11896;88.47208;0.01148;0.01284;0.00453;1.00000;1.00000;122.08650;121.30673;122.73298;122.73225;140.49464;141.23860;141.23860;-1.07494;-0.53699;5.55700;-0.19757;-1.00352;-36.69402;-73.07798;1008.26056;1004.93433;0.00000;999.74463;-36.50000;-73.00000;0.64751;0.64751;75.21037;153.09024;166.07120;2205.48730;250.76727;-21.38599;145.62997;-120.99977;-23.49624;8.79496;0.21864;0.02486;7.16785;3.76410;-51.18384;0.58019;4.92981;5.34513;3.03291
81.61126;92.20839;0.01225;0.01195;0.00444;1.00000;1.00000;121.32300;120.68600;122.10373;122.10320;139.61601;140.51447;140.51447;-1.02837;-0.54852;5.62983;-0.16817;-0.85158;-36.69345;-73.07791;1007.57806;1004.29004;0.00000;999.09119;-36.50000;-73.00000;0.73423;0.73423;93.64687;188.75946;201.59633;2220.75513;249.86197;-21.95507;183.40526;-143.55936;-23.98276;8.88793;0.22242;0.02503;7.08274;7.08301;-51.31896;0.59817;4.90755;5.32013;3.01680
81.02232;84.43806;0.01234;0.01178;0.00423;1.00000;1.00000;120.73012;120.29745;121.70974;121.70955;138.93375;140.06107;140.06107;-1.00967;-0.68552;5.63371;-0.10104;-0.81021;-36.69289;-73.07784;1007.09167;1003.83942;0.00000;998.46265;-36.50000;-73.00000;0.77083;0.77083;101.94213;210.71324;215.93684;2224.02661;253.80354;-27.47759;199.95105;-153.57823;-13.00286;8.76279;0.22419;0.02558;7.02846;12.67772;-55.78907;1.79112;4.94951;5.39810;3.04932
82.29369;79.13897;0.01215;0.01105;0.00405;1.00000;1.00000;120.30936;119.94791;121.35566;121.35563;138.44955;139.65361;139.65361;-1.00427;-0.77366;5.58095;-0.04038;-0.83656;-36.69234;-73.07777;1006.84827;1003.62946;0.00000;997.99915;-36.50000;-73.00000;0.71357;0.71357;89.37399;199.87985;190.98874;2216.87134;252.91925;-30.43379;178.73717;-148.51903;-5.16635;8.76513;0.22477;0.02564;7.41547;15.27719;-58.39515;2.55993;4.96303;5.43468;3.06350
83.46716;86.45284;0.01198;0.01254;0.00434;1.00000;1.00000;119.90497;119.45418;120.85596;120.85595;137.98418;139.07857;139.07855;-0.99136;-0.74278;5.50981;-0.02209;-0.86390;-36.69178;-73.07771;1006.74884;1003.56134;0.00000;997.74658;-36.50000;-73.00000;0.70605;0.70605;87.60220;190.03180;189.31497;2207.02539;250.84816;-28.66473;172.91533;-142.18803;-13.38058;8.79825;0.22563;0.02564;7.31696;13.87370;-56.60274;1.99293;4.90399;5.35887;3.02452
89.36555;84.30992;0.01119;0.01232;0.00432;1.00000;1.00000;119.42905;118.95300;120.34875;120.34875;137.43651;138.49487;138.49489;-0.96795;-0.72566;5.44620;-0.02314;-0.85653;-36.69123;-73.07764;1006.66943;1003.51147;0.00000;997.61359;-36.50000;-73.00000;0.68174;0.68174;82.42251;188.65318;178.93703;2205.31152;249.25900;-28.12324;166.74498;-143.51895;-12.02574;8.84747;0.22736;0.02570;7.61692;13.66987;-55.25597;2.05112;4.85799;5.29814;2.99337
87.17478;95.46539;0.01147;0.01118;0.00412;1.00000;1.00000;118.92383;118.39962;119.78870;119.78868;136.85510;137.85039;137.85039;-0.94168;-0.70970;5.38813;-0.03445;-0.85615;-36.69068;-73.07758;1006.57092;1003.44019;0.00000;997.51843;-36.50000;-73.00000;0.68762;0.68762;83.56619;182.87456;183.02853;2202.75928;247.38632;-27.45047;165.53545;-139.65021;-9.55712;8.90413;0.22922;0.02574;7.45291;12.49874;-53.16166;2.18188;4.79478;5.21534;2.95095
78.05489;79.27699;0.01281;0.01110;0.00382;1.00000;1.00000;118.39931;117.91125;119.29438;119.29436;136.25150;137.28152;137.28152;-0.91155;-0.70133;5.34867;-0.03832;-0.83462;-36.69013;-73.07751;1006.43854;1003.33289;0.00000;997.41272;-36.50000;-73.00000;0.71263;0.71263;88.86169;193.29562;193.59947;2207.01587;246.20905;-26.77901;175.88440;-146.66974;-15.75228;8.96399;0.23157;0.02583;7.43299;13.69293;-52.74686;1.76162;4.76819;5.17984;2.93099
80.71856;67.86102;0.01239;0.01172;0.00412;1.00000;1.00000;117.91418;117.44563;118.82309;118.82307;135.69322;136.73918;136.73918;-0.88953;-0.74989;5.31363;-0.03209;-0.83998;-36.68958;-73.07745;1006.31775;1003.23517;0.00000;997.28943;-36.50000;-73.00000;0.67586;0.67586;81.07835;183.55754;178.51624;2205.16772;244.95290;-28.80254;161.58621;-141.80472;0.09379;9.00242;0.23322;0.02591;7.68191;14.14629;-52.61029;2.87170;4.73689;5.14675;2.91281
84.14280;84.18217;0.01188;0.01164;0.00406;1.00000;1.00000;117.42131;116.88548;118.25616;118.25613;135.12604;136.08676;136.08676;-0.86314;-0.70071;5.29672;-0.03762;-0.83746;-36.68904;-73.07738;1006.20038;1003.13892;0.00000;997.16882;-36.50000;-73.00000;0.63646;0.63646;72.94397;169.21353;163.26382;2201.68140;242.94321;-26.53438;146.23480;-135.41766;-8.22628;9.06254;0.23508;0.02594;7.89694;12.53914;-50.30320;2.16381;4.66907;5.05934;2.86626
84.22778;71.33176;0.01187;0.01350;0.00478;1.00000;1.00000;116.85694;116.23891;117.60175;117.60169;134.47658;135.33368;135.33368;-0.82772;-0.64247;5.30716;-0.05107;-0.80621;-36.68850;-73.07732;1006.04608;1003.00385;0.00000;997.04114;-36.50000;-73.00000;0.59413;0.59413;64.51031;155.73125;146.77660;2201.00464;236.92271;-23.94387;133.14478;-131.06633;-7.01893;9.28997;0.23763;0.02558;8.32827;10.44909;-46.95390;1.96110;4.58545;4.94475;2.80839
72.49465;23.58769;0.01379;0.01265;0.00428;1.00000;1.00000;116.22616;115.49859;116.85239;116.85232;133.75067;134.47134;134.47134;-0.78432;-0.56375;5.34025;-0.06986;-0.75378;-36.68795;-73.07726;1005.83783;1002.81281;0.00000;996.88385;-36.50000;-73.00000;0.58618;0.58618;63.02168;146.88425;145.17990;2200.18237;234.55206;-21.13555;130.28952;-127.76290;-13.13781;9.38036;0.24060;0.02565;8.18987;8.26153;-43.33345;1.31188;4.49298;4.81957;2.74448
75.45632;77.84524;0.01325;0.01194;0.00412;1.00000;1.00000;115.48283;114.73927;116.08372;116.08359;132.89528;133.58676;133.58675;-0.73568;-0.53064;5.38262;-0.08107;-0.69681;-36.68742;-73.07719;1005.57483;1002.56512;0.00000;996.67181;-36.50000;-73.00000;0.58867;0.58867;63.53749;144.30003;147.44527;2202.70972;232.50937;-20.19212;130.57246;-128.66075;-10.30008;9.47364;0.24408;0.02576;8.10659;7.65446;-40.94382;1.35222;4.41794;4.72289;2.69377
82.58422;62.60565;0.01211;0.01105;0.00415;1.00000;1.00000;114.76335;114.10124;115.43776;115.43767;132.06731;132.84340;132.84340;-0.69155;-0.54230;5.41664;-0.07003;-0.65378;-36.68689;-73.07713;1005.31000;1002.31360;0.00000;996.41986;-36.50000;-73.00000;0.63114;0.63114;71.81582;163.96681;164.67984;2209.80566;231.33568;-20.01665;148.45615;-140.65706;-17.29389;9.55238;0.24761;0.02592;8.15651;10.01827;-41.09610;0.90762;4.39320;4.69380;2.67510
84.71037;77.50136;0.01180;0.01237;0.00404;1.00000;1.00000;114.11889;113.51636;114.84570;114.84566;131.32568;132.16208;132.16208;-0.66203;-0.61526;5.42769;-0.04373;-0.64897;-36.68635;-73.07707;1005.11932;1002.13428;0.00000;996.17462;-36.50000;-73.00000;0.59986;0.59986;65.69843;156.35576;151.95689;2207.59058;230.01343;-22.72683;137.38419;-137.17601;-0.14215;9.59766;0.24992;0.02604;8.40225;11.48934;-41.76825;2.15697;4.36770;4.67180;2.66065
81.17674;70.69136;0.01232;0.01264;0.00436;1.00000;1.00000;113.51698;112.92339;114.24560;114.24558;130.63301;131.47150;131.47150;-0.62841;-0.59968;5.42593;-0.02753;-0.65063;-36.68583;-73.07701;1004.99988;1002.02448;0.00000;995.98730;-36.50000;-73.00000;0.61361;0.61361;68.36824;161.34026;158.05560;2207.14404;228.47838;-21.20615;142.86865;-140.71227;-15.57679;9.66019;0.25250;0.02614;8.37661;12.44789;-41.36132;1.12454;4.33307;4.62887;2.63578
78.94028;89.37349;0.01267;0.01125;0.00412;1.00000;1.00000;112.92960;112.36359;113.67913;113.67913;129.95706;130.81961;130.81961;-0.59888;-0.64298;5.41732;-0.01110;-0.65152;-36.68530;-73.07695;1004.93634;1001.96869;0.00000;995.86487;-36.50000;-73.00000;0.57572;0.57572;61.06467;154.38853;142.36130;2204.88745;227.14977;-22.92747;130.34227;-138.90895;-2.64989;9.70676;0.25476;0.02625;8.78766;13.40873;-41.45458;2.03309;4.30279;4.59697;2.61730
82.03532;70.47217;0.01219;0.01115;0.00386;1.00000;1.00000;112.34019;111.72070;113.02866;113.02866;129.27879;130.07106;130.07106;-0.56248;-0.61761;5.40234;-0.01363;-0.66163;-36.68478;-73.07689;1004.89813;1001.93634;0.00000;995.79468;-36.50000;-73.00000;0.59135;0.59135;64.07309;152.40868;150.27493;2201.80566;225.26460;-21.47937;134.70862;-137.18832;-10.39877;9.77431;0.25734;0.02633;8.47019;12.80437;-39.74294;1.47268;4.24131;4.52089;2.57672
84.84727;88.44079;0.01179;0.01129;0.00404;1.00000;1.00000;111.71898;111.07746;112.37780;112.37778;128.56390;129.32207;129.32205;-0.52373;-0.61123;5.39562;-0.01797;-0.64900;-36.68425;-73.07683;1004.84802;1001.89038;0.00000;995.74530;-36.50000;-73.00000;0.56456;0.56456;59.02931;143.24467;140.07884;2200.00269;223.59428;-21.54850;125.38315;-133.84764;-3.52550;9.83926;0.26011;0.02644;8.61877;12.53763;-38.46353;1.86446;4.18494;4.45425;2.54080
88.50278;96.09840;0.01130;0.01197;0.00434;1.00000;1.00000;111.07513;110.43557;111.72828;111.72826;127.82298;128.57462;128.57460;-0.47933;-0.59605;5.38884;-0.02457;-0.64155;-36.68374;-73.07677;1004.77454;1001.81934;0.00000;995.69458;-36.50000;-73.00000;0.56601;0.56601;59.29713;149.64319;140.54614;2202.46606;222.11877;-20.46334;129.23700;-139.20029;-11.95139;9.91571;0.26344;0.02657;8.87573;13.11789;-37.36956;1.27631;4.13940;4.39548;2.50864
84.11560;84.15383;0.01189;0.01255;0.00450;1.00000;1.00000;110.43622;109.78431;111.06924;111.06922;127.08774;127.81621;127.81620;-0.43798;-0.60671;5.38474;-0.02735;-0.63254;-36.68323;-73.07671;1004.69159;1001.73712;0.00000;995.62085;-36.50000;-73.00000;0.57004;0.57004;60.07338;144.35327;143.62343;2201.30884;220.53801;-20.98104;128.12454;-136.73317;-3.57965;9.98154;0.26644;0.02669;8.62118;13.11716;-36.29066;1.80824;4.08678;4.33358;2.47502
77.84186;70.66139;0.01285;0.01151;0.00407;1.00000;1.00000;109.79346;109.19271;110.47060;110.47059;126.34807;127.12730;127.12730;-0.39545;-0.61296;5.38110;-0.02215;-0.62409;-36.68272;-73.07664;1004.60547;1001.65002;0.00000;995.53943;-36.50000;-73.00000;0.57935;0.57935;61.80941;155.38994;146.88676;2204.94409;219.43623;-20.50068;135.00143;-144.25356;-12.34316;10.04822;0.26977;0.02685;8.89978;14.85114;-36.34585;1.24230;4.06515;4.30382;2.45687
83.08659;79.03889;0.01204;0.01111;0.00384;1.00000;1.00000;109.19876;108.59573;109.86653;109.86652;125.66370;126.43215;126.43215;-0.35994;-0.65561;5.37349;-0.01506;-0.63182;-36.68221;-73.07658;1004.55005;1001.59204;0.00000;995.46118;-36.50000;-73.00000;0.56446;0.56446;59.04576;145.43779;142.01591;2201.72681;218.00258;-22.08670;127.06149;-138.98065;1.91038;10.09954;0.27235;0.02697;8.80547;15.02155;-35.82211;2.22502;4.02204;4.25583;2.43078
80.82458;78.06402;0.01237;0.01614;0.00485;1.00000;1.00000;108.58755;107.96621;109.22957;109.22958;124.96032;125.69915;125.69916;-0.31907;-0.63115;5.37069;-0.01394;-0.63214;-36.68170;-73.07652;1004.50366;1001.54126;0.00000;995.40216;-36.50000;-73.00000;0.53385;0.53385;53.47528;136.85449;130.11952;2200.06836;216.42424;-20.82026;116.53408;-136.00345;-6.01865;10.16553;0.27533;0.02708;9.06916;14.95792;-34.81701;1.62972;3.97294;4.19710;2.39753
70.58353;66.38784;0.01417;0.01812;0.00480;1.00000;1.00000;107.94870;107.29752;108.55296;108.55294;124.22515;124.92052;124.92051;-0.27104;-0.61429;5.37534;-0.02104;-0.62451;-36.68119;-73.07646;1004.44562;1001.47729;0.00000;995.35114;-36.50000;-73.00000;0.55020;0.55020;56.44989;141.67960;137.41785;2200.62744;214.87776;-20.06326;124.39392;-139.46840;-7.56025;10.24130;0.27884;0.02723;8.97571;14.93181;-33.27551;1.46143;3.91769;4.12799;2.36025
72.13559;74.91198;0.01386;0.01387;0.00459;1.00000;1.00000;107.30264;106.63779;107.88541;107.88539;123.48167;124.15231;124.15231;-0.22531;-0.61659;5.38334;-0.02494;-0.61415;-36.68070;-73.07641;1004.37494;1001.39917;0.00000;995.29187;-36.50000;-73.00000;0.53978;0.53978;54.58812;134.70639;134.31656;2199.47266;213.37343;-20.23365;118.99743;-136.85844;-1.72867;10.30809;0.28215;0.02737;8.90930;14.83188;-32.14674;1.80127;3.86482;4.06623;2.32616
62.39444;58.70956;0.01603;0.01446;0.00494;1.00000;1.00000;106.65567;106.02319;107.26350;107.26349;122.73716;123.43664;123.43663;-0.17792;-0.61535;5.39125;-0.02308;-0.60348;-36.68021;-73.07635;1004.29492;1001.31030;0.00000;995.22321;-36.50000;-73.00000;0.52199;0.52199;51.39486;139.11589;126.41493;2202.25806;212.25906;-19.66394;116.80653;-141.84956;-8.92378;10.37533;0.28580;0.02755;9.49216;16.06117;-31.87783;1.30834;3.83599;4.02815;2.30367
73.21197;68.36671;0.01366;0.01536;0.00499;1.00000;1.00000;106.01815;105.37841;106.61105;106.61105;122.00351;122.68581;122.68581;-0.13255;-0.63797;5.39497;-0.02133;-0.60346;-36.67971;-73.07629;1004.22620;1001.23096;0.00000;995.15015;-36.50000;-73.00000;0.54467;0.54467;55.46494;137.94815;137.15834;2200.82983;210.86569;-20.34472;121.86490;-140.62126;-1.16997;10.43712;0.28912;0.02770;8.99432;16.26222;-31.01986;1.82622;3.78965;3.97388;2.27366
73.44788;70.66638;0.01362;0.01447;0.00528;1.00000;1.00000;105.38253;104.72057;105.94543;105.94541;121.27206;121.91982;121.91982;-0.08590;-0.62671;5.39899;-0.02174;-0.59982;-36.67922;-73.07623;1004.16229;1001.15521;0.00000;995.07971;-36.50000;-73.00000;0.51806;0.51806;50.77680;128.59056;127.24492;2198.74731;209.35902;-19.83628;112.44543;-136.87340;-1.45936;10.50228;0.29248;0.02785;9.13854;16.03711;-29.90434;1.75139;3.73721;3.91326;2.23943
56.01722;53.67110;0.01785;0.01610;0.00542;1.00000;1.00000;104.72850;104.02775;105.24438;105.24438;120.51941;121.11308;121.11310;-0.03381;-0.60693;5.40551;-0.02805;-0.59060;-36.67874;-73.07618;1004.08704;1001.06659;0.00000;995.01337;-36.50000;-73.00000;0.49557;0.49557;46.91434;120.91982;119.04942;2197.33521;207.80388;-19.17216;104.99259;-134.17209;-1.00899;10.57408;0.29620;0.02801;9.28596;15.56363;-28.37532;1.70643;3.67758;3.84396;2.20055
60.86466;54.12427;0.01643;0.01567;0.00444;1.00000;1.00000;104.03038;103.31711;104.52527;104.52524;119.71603;120.28554;120.28553;0.02436;-0.58259;5.41448;-0.03546;-0.57414;-36.67826;-73.07612;1003.98590;1000.95062;0.00000;994.93066;-36.50000;-73.00000;0.48049;0.48049;44.35995;119.92652;113.25426;2198.63574;206.41159;-18.18362;101.36639;-136.11684;-5.43893;10.65171;0.30047;0.02821;9.61899;15.69857;-27.07348;1.34115;3.62561;3.78074;2.16442
64.52913;72.48478;0.01550;0.01494;0.00503;1.00000;1.00000;103.31216;102.59505;103.79459;103.79458;118.88952;119.44469;119.44469;0.08441;-0.58190;5.42139;-0.03830;-0.55962;-36.67778;-73.07607;1003.86932;1000.81775;0.00000;994.83038;-36.50000;-73.00000;0.47497;0.47497;43.45120;120.52599;111.43879;2199.98267;205.08051;-18.08136;102.01663;-138.36462;-3.10141;10.72741;0.30490;0.02842;9.80665;15.97249;-25.89425;1.46301;3.57515;3.71977;2.12985
67.34286;71.46430;0.01485;0.01537;0.00530;1.00000;1.00000;102.59323;101.85656;103.04729;103.04728;118.06219;118.58471;118.58472;0.14350;-0.57603;5.42486;-0.03927;-0.54839;-36.67730;-73.07600;1003.75214;1000.68298;0.00000;994.71857;-36.50000;-73.00000;0.45625;0.45625;40.38378;114.13834;104.81599;2198.89844;203.60463;-17.83834;95.81544;-136.40366;-1.51932;10.79984;0.30918;0.02863;9.96462;15.85440;-24.64273;1.56495;3.51939;3.65532;2.09304
82.85362;69.57006;0.01207;0.01482;0.00512;1.00000;1.00000;101.84801;101.06837;102.24970;102.24968;117.20460;117.66685;117.66687;0.20793;-0.55044;5.42781;-0.04557;-0.53501;-36.67683;-73.07595;1003.62500;1000.53693;0.00000;994.60242;-36.50000;-73.00000;0.43267;0.43267;36.62876;104.37495;96.66121;2197.08618;201.96060;-17.04161;86.70051;-132.87503;-0.61235;10.87879;0.31377;0.02884;10.07316;15.20179;-22.88352;1.51262;3.45201;3.57961;2.04945
77.29495;83.33334;0.01294;0.01551;0.00540;1.00000;1.00000;101.05587;100.20459;101.37559;101.37555;116.29302;116.66095;116.66096;0.28017;-0.50636;5.43345;-0.06063;-0.51474;-36.67636;-73.07590;1003.46887;1000.36072;0.00000;994.46716;-36.50000;-73.00000;0.41023;0.41023;33.21827;91.81536;89.57489;2194.19507;200.07826;-15.95249;79.36839;-126.58945;2.23226;10.96668;0.31878;0.02907;9.92870;13.75228;-20.39312;1.57734;3.36726;3.48806;1.99648
75.29953;80.58018;0.01328;0.01156;0.00378;1.00000;1.00000;100.19209;99.26349;100.42317;100.42307;115.29900;115.56493;115.56493;0.36665;-0.43069;5.44374;-0.08455;-0.48288;-36.67590;-73.07584;1003.25446;1000.12500;0.00000;994.30768;-36.50000;-73.00000;0.41942;0.41942;34.78839;86.77312;95.17186;2194.22144;198.21230;-13.78764;80.88165;-125.66192;-2.69324;11.07006;0.32486;0.02935;9.30824;12.38484;-17.43799;1.08055;3.27754;3.38958;1.93860
99.23831;94.58948;0.01008;0.00998;0.00384;1.00000;1.00000;99.28336;98.43061;99.58018;99.58007;114.25325;114.59483;114.59483;0.45361;-0.42140;5.45417;-0.08392;-0.43895;-36.67543;-73.07578;1002.99530;999.84485;0.00000;994.08905;-36.50000;-73.00000;0.45188;0.45188;39.85846;107.00706;107.07948;2202.52319;197.49805;-13.05680;97.38554;-139.77649;-12.61537;11.15213;0.33163;0.02974;9.75398;14.70726;-17.31869;0.40354;3.25138;3.34796;1.91288
88.64146;90.87605;0.01128;0.01075;0.00392;1.00000;1.00000;98.45529;97.66760;98.80796;98.80791;113.30033;113.70618;113.70618;0.51965;-0.54075;5.43977;-0.05966;-0.43924;-36.67498;-73.07573;1002.78723;999.61481;0.00000;993.85620;-36.50000;-73.00000;0.44325;0.44325;38.48959;107.62077;103.78864;2202.03540;199.27847;-16.93449;94.43150;-139.46313;7.56754;11.05004;0.33676;0.03048;9.87988;16.67253;-18.23560;1.98622;3.23220;3.32047;1.89713
101.11389;99.75062;0.00989;0.00987;0.00353;1.00000;1.00000;97.65834;96.85089;97.98151;97.98147;112.38322;112.75511;112.75511;0.58968;-0.55648;5.41088;-0.04646;-0.46264;-36.67453;-73.07568;1002.63776;999.44208;0.00000;993.65265;-36.50000;-73.00000;0.40671;0.40671;32.82317;97.56300;90.08418;2198.46094;197.78758;-16.75533;81.49427;-135.80305;4.44148;11.11526;0.34190;0.03076;10.32478;16.99230;-17.60662;1.82652;3.18370;3.26453;1.86419
100.57213;102.77493;0.00994;0.01029;0.00379;1.00000;1.00000;96.83061;95.96059;97.08062;97.08058;111.43068;111.71838;111.71838;0.67169;-0.51016;5.39501;-0.05241;-0.46335;-36.67408;-73.07562;1002.49994;999.28009;0.00000;993.49725;-36.50000;-73.00000;0.38122;0.38122;29.05814;87.76248;81.33108;2195.15186;196.07703;-15.31121;72.85767;-132.48747;0.94178;11.19535;0.34775;0.03106;10.48792;16.15081;-15.65243;1.48232;3.10955;3.18568;1.81671
99.29167;98.53188;0.01007;0.00970;0.00361;1.00000;1.00000;95.94672;95.03568;96.14466;96.14459;110.41351;110.64130;110.64130;0.76547;-0.47014;5.39232;-0.06814;-0.44875;-36.67363;-73.07557;1002.32941;999.08423;0.00000;993.34430;-36.50000;-73.00000;0.41442;0.41442;34.12763;88.22268;96.22716;2194.90845;194.61566;-14.14202;81.59077;-133.12389;-0.39439;11.27817;0.35451;0.03143;9.44376;15.69888;-13.70582;1.27211;3.03814;3.10960;1.76973
100.18310;98.31875;0.00998;0.00986;0.00376;1.00000;1.00000;95.05340;94.23479;95.33417;95.33412;109.38550;109.70861;109.70861;0.85665;-0.47944;5.39417;-0.06071;-0.42751;-36.67319;-73.07552;1002.13879;998.86737;0.00000;993.17334;-36.50000;-73.00000;0.46399;0.46399;41.73634;108.66592;115.30334;2201.69458;194.14954;-13.81441;100.59670;-145.99475;-9.32672;11.34020;0.36168;0.03189;9.43141;18.47064;-14.31349;0.67087;3.02913;3.07974;1.71229
101.60953;101.93679;0.00984;0.00973;0.00363;1.00000;1.00000;94.26457;93.56004;94.65139;94.65139;108.47774;108.92287;108.92289;0.92289;-0.63189;5.38210;-0.02345;-0.43670;-36.67276;-73.07547;1002.01971;998.72107;0.00000;993.00049;-36.50000;-73.00000;0.44096;0.44096;38.17154;110.71275;105.51716;2202.29248;193.80638;-17.75154;94.01279;-148.53694;8.71299;11.36337;0.36702;0.03230;10.11692;21.56462;-16.31352;2.10385;3.04373;3.07512;1.71236
100.88227;102.38559;0.00991;0.01008;0.00371;1.00000;1.00000;93.54901;92.84435;93.92730;93.92731;107.65428;108.08961;108.08961;0.98860;-0.70015;5.35583;-0.00258;-0.48323;-36.67233;-73.07542;1001.98804;998.66113;0.00000;992.89441;-36.50000;-73.00000;0.41482;0.41482;34.16281;107.64851;95.23735;2199.27979;195.27106;-19.15814;86.80279;-162.99097;9.52096;11.26270;0.37219;0.03305;10.54917;23.61002;-16.49888;2.32750;3.07297;3.03925;1.69287
99.60034;98.00078;0.01004;0.00973;0.00350;1.00000;1.00000;92.80852;92.01079;93.08398;93.08395;106.80214;107.11913;107.11912;1.06680;-0.65386;5.34861;-0.02109;-0.50559;-36.67189;-73.07537;1001.96436;998.60803;0.00000;992.84650;-36.50000;-73.00000;0.37388;0.37388;28.18557;85.94023;81.40152;2190.26245;193.46556;-17.81740;68.77594;-136.03090;9.58257;11.32120;0.37741;0.03334;10.39576;21.31002;-14.93635;2.19197;2.98390;2.96303;1.64540
99.74049;101.14292;0.01003;0.00986;0.00360;1.00000;1.00000;91.97765;91.12286;92.18556;92.18553;105.84599;106.08525;106.08526;1.17458;-0.55452;5.36749;-0.05071;-0.49293;-36.67147;-73.07532;1001.86328;998.47699;0.00000;992.80060;-36.50000;-73.00000;0.41804;0.41804;34.65106;93.06456;99.93745;2192.54663;192.33810;-14.80092;84.05399;-140.61369;-3.98980;11.39944;0.38520;0.03379;9.51256;20.59570;-12.55329;1.04492;2.91084;2.88618;1.59637
101.17690;103.73444;0.00988;0.00995;0.00375;1.00000;1.00000;91.13094;90.34306;91.39648;91.39645;104.87162;105.17720;105.17719;1.27155;-0.58081;5.39595;-0.04961;-0.46404;-36.67105;-73.07527;1001.72211;998.30487;0.00000;992.69940;-36.50000;-73.00000;0.41650;0.41650;34.43146;99.13115;99.02280;2196.89185;192.02100;-15.43135;85.95056;-146.66910;-1.67896;11.44089;0.39265;0.03432;9.94159;22.44328;-12.85327;1.17277;2.89685;2.85346;1.57689
96.01105;100.34116;0.01042;0.00998;0.00365;1.00000;1.00000;90.33683;89.61253;90.65726;90.65725;103.95777;104.32652;104.32652;1.35999;-0.68518;5.40399;-0.03497;-0.47333;-36.67063;-73.07522;1001.60529;998.15619;0.00000;992.57294;-36.50000;-73.00000;0.45264;0.45264;39.83954;111.45821;113.28609;2199.27832;191.72180;-17.60551;98.50596;-153.61751;6.98463;11.47120;0.39952;0.03483;9.67907;24.58428;-13.51147;1.88842;2.89406;2.82845;1.56458
100.45017;103.07153;0.00996;0.00968;0.00350;1.00000;1.00000;89.61159;88.98809;90.02548;90.02547;103.12318;103.59948;103.59947;1.43361;-0.76265;5.40083;-0.00008;-0.49145;-36.67022;-73.07517;1001.55487;998.07300;0.00000;992.46619;-36.50000;-73.00000;0.43312;0.43312;36.94674;119.14158;104.34968;2201.34888;191.58699;-18.56153;95.57076;-160.39995;0.17789;11.49008;0.40552;0.03529;10.59478;27.63922;-15.31652;1.57547;2.92378;2.82713;1.56549
100.51192;104.12328;0.00995;0.00999;0.00364;1.00000;1.00000;88.95145;88.30111;89.33054;89.33054;102.36350;102.79975;102.79976;1.50165;-0.85618;5.39064;0.01795;-0.52819;-36.66980;-73.07512;1001.58789;998.07239;0.00000;992.42365;-36.50000;-73.00000;0.38731;0.38731;30.16447;101.36092;87.60983;2193.53516;190.53532;-20.91555;77.14344;-151.00568;19.00526;11.51249;0.41040;0.03565;10.91327;27.35144;-14.93516;2.93908;2.88026;2.78338;1.54326
101.05161;101.10201;0.00990;0.00966;0.00362;1.00000;1.00000;88.23608;87.50561;88.52579;88.52580;101.54027;101.87366;101.87367;1.59783;-0.77007;5.39448;-0.00473;-0.54820;-36.66939;-73.07507;1001.60944;998.05920;0.00000;992.44122;-36.50000;-73.00000;0.41487;0.41487;34.12407;99.06075;100.17011;2189.88940;189.28462;-18.07153;84.26923;-148.86780;5.55198;11.56929;0.41720;0.03606;9.88715;25.93903;-12.67332;1.86070;2.80215;2.70913;1.46480
101.65038;103.29511;0.00984;0.00976;0.00364;1.00000;1.00000;87.47939;86.79485;87.80669;87.80669;100.66949;101.04614;101.04614;1.69902;-0.71276;5.42378;-0.01429;-0.52113;-36.66899;-73.07503;1001.57739;997.99200;0.00000;992.44995;-36.50000;-73.00000;0.41009;0.41009;33.46826;108.99794;97.41731;2194.78174;189.17297;-16.22592;88.02824;-158.42052;-9.41938;11.60198;0.42501;0.03663;10.62883;27.48528;-12.60356;0.71402;2.79392;2.67756;1.44475
101.17005;100.65425;0.00988;0.00985;0.00366;1.00000;1.00000;86.76223;86.10606;87.10984;87.10984;99.84419;100.24422;100.24422;1.78856;-0.83466;5.44099;-0.01206;-0.52150;-36.66859;-73.07498;1001.54437;997.93384;0.00000;992.43164;-36.50000;-73.00000;0.43909;0.43909;37.65177;111.03524;109.82534;2194.14771;188.93163;-19.36407;95.04808;-158.81915;12.89918;11.61345;0.43171;0.03717;9.88465;28.46551;-12.71044;2.30443;2.77722;2.64644;1.42972
99.75639;102.64832;0.01002;0.01110;0.00414;1.00000;1.00000;86.07847;85.49475;86.49138;86.49139;99.05733;99.53251;99.53252;1.87404;-0.88745;5.44331;0.00280;-0.53997;-36.66819;-73.07493;1001.52783;997.90778;0.00000;992.39807;-36.50000;-73.00000;0.43005;0.43005;36.39518;119.80752;105.29864;2197.11035;188.96220;-19.57021;95.32024;-165.59343;3.45090;11.62725;0.43849;0.03771;10.57973;30.72307;-13.75205;1.77777;2.79808;2.63597;1.42445
82.84718;73.61602;0.01207;0.01169;0.00405;1.00000;1.00000;85.44258;84.83801;85.82703;85.82703;98.32557;98.76797;98.76797;1.95234;-0.94397;5.44585;0.01233;-0.55925;-36.66779;-73.07488;1001.55432;997.92383;0.00000;992.38721;-36.50000;-73.00000;0.37826;0.37826;28.88936;102.99437;85.91896;2191.38379;188.25380;-20.88151;76.78217;-157.93451;14.79152;11.64058;0.44415;0.03816;11.16617;30.45732;-13.33886;2.58274;2.75866;2.59538;1.40291
92.87893;95.64801;0.01077;0.01030;0.00357;1.00000;1.00000;84.74297;83.98740;84.96648;84.96647;97.52047;97.77768;97.77768;2.06095;-0.87523;5.45521;-0.02873;-0.57947;-36.66740;-73.07484;1001.54602;997.90411;0.00000;992.39929;-36.50000;-73.00000;0.34474;0.34474;24.28853;82.13775;75.19897;2182.82886;188.95511;-19.77942;63.60726;-145.28957;19.53612;11.55210;0.45142;0.03908;10.73354;27.09612;-9.93376;2.78372;2.63396;2.50205;1.34378
88.97666;76.13827;0.01124;0.01113;0.00393;1.00000;1.00000;83.90305;83.05894;84.02700;84.02689;96.55390;96.69656;96.69656;2.21116;-0.65789;5.49607;-0.09466;-0.54193;-36.66701;-73.07479;1001.39130;997.74078;0.00000;992.36719;-36.50000;-73.00000;0.36697;0.36697;27.19883;78.59515;85.55434;2184.07739;186.22044;-14.18787;69.32743;-146.17938;-2.05031;11.72845;0.46183;0.03938;9.72733;24.97025;-6.50928;0.89571;2.53354;2.41903;1.28236
91.18407;94.87666;0.01097;0.01053;0.00391;1.00000;1.00000;83.01278;82.24995;83.20825;83.20808;95.52940;95.75435;95.75435;2.35931;-0.61035;5.54426;-0.11453;-0.47633;-36.66663;-73.07475;1001.11853;997.45923;0.00000;992.20520;-36.50000;-73.00000;0.41697;0.41697;34.12944;102.34953;104.09774;2195.43994;189.17180;-13.25836;92.15181;-162.26765;-14.09375;11.60553;0.47341;0.04079;9.71780;27.32950;-6.69912;-0.02322;2.54121;2.39029;1.26476
87.67233;79.63686;0.01141;0.01158;0.00397;1.00000;1.00000;82.21360;81.55228;82.50216;82.50208;94.60973;94.94180;94.94180;2.47061;-0.84066;5.54823;-0.07918;-0.46723;-36.66624;-73.07470;1000.88007;997.22235;0.00000;991.96686;-36.50000;-73.00000;0.40812;0.40812;32.95087;107.15294;100.15704;2198.51929;189.85001;-18.62276;90.42717;-166.89807;12.90633;11.58030;0.48222;0.04164;10.16943;30.15941;-8.45875;2.11801;2.57656;2.38282;1.26767
97.20292;93.79104;0.01029;0.00976;0.00357;1.00000;1.00000;81.47337;80.81282;81.75391;81.75388;93.75788;94.08073;94.08072;2.57472;-0.98435;5.51137;-0.05024;-0.51412;-36.66587;-73.07465;1000.73071;997.08575;0.00000;991.75415;-36.50000;-73.00000;0.34477;0.34477;24.29365;93.05262;75.83646;2193.14380;189.49451;-21.24533;67.98589;-160.82300;24.83511;11.57365;0.48989;0.04233;11.33689;30.49200;-8.53645;3.21585;2.55383;2.34873;1.25314
92.94936;98.53188;0.01076;0.01126;0.00385;1.00000;1.00000;80.69766;79.91906;80.84959;80.84953;92.86521;93.04005;93.04005;2.70698;-0.87914;5.49076;-0.07283;-0.53876;-36.66550;-73.07461;1000.59583;996.96240;0.00000;991.59302;-36.50000;-73.00000;0.32391;0.32391;21.54334;73.38882;70.15420;2184.43335;188.37738;-18.53663;56.33456;-149.66637;17.70264;11.59605;0.49892;0.04302;10.53991;27.73076;-5.73197;2.57342;2.44547;2.27191;1.19733
86.42874;98.53188;0.01157;0.01132;0.00366;1.00000;1.00000;79.79928;78.91957;79.83817;79.83797;91.83138;91.87614;91.87614;2.88296;-0.67670;5.51142;-0.13057;-0.50597;-36.66513;-73.07456;1000.35785;996.73517;0.00000;991.42871;-36.50000;-73.00000;0.27485;0.27485;15.51486;60.54822;52.33475;2182.31787;187.94035;-14.15920;42.51977;-147.03859;2.50843;11.61176;0.51114;0.04402;11.61369;25.25372;-2.39251;1.21451;2.33943;2.19515;1.11125
90.44733;93.88790;0.01106;0.01045;0.00385;1.00000;1.00000;78.80277;77.85622;78.76202;78.76157;90.68462;90.63772;90.63772;3.08660;-0.56435;5.54914;-0.19507;-0.45154;-36.66476;-73.07452;999.97656;996.36346;0.00000;991.17749;-36.50000;-73.00000;0.29152;0.29152;17.48215;55.39021;60.32420;2183.46997;188.17055;-12.37524;47.49406;-146.29115;6.62872;11.60368;0.52547;0.04529;9.99918;23.40050;0.51593;1.20864;2.24662;2.12935;1.03649
89.95921;96.45992;0.01112;0.01108;0.00397;1.00000;1.00000;77.74521;76.78555;77.67832;77.67764;89.46759;89.39062;89.39063;3.30446;-0.50050;5.57703;-0.23991;-0.40157;-36.66440;-73.07448;999.47247;995.86798;0.00000;990.79645;-36.50000;-73.00000;0.26012;0.26012;13.83612;53.31449;48.50889;2187.45386;189.00833;-11.23250;42.01468;-149.26144;5.46748;11.57332;0.54122;0.04676;11.37584;22.88226;2.31076;1.03074;2.18666;2.07676;0.99509
86.57034;83.89966;0.01155;0.01166;0.00419;1.00000;1.00000;76.65511;75.71294;76.59258;76.59180;88.21313;88.14117;88.14117;3.53074;-0.47703;5.58616;-0.25861;-0.36074;-36.66405;-73.07443;998.89630;995.29950;0.00000;990.29492;-36.50000;-73.00000;0.32808;0.32808;21.69354;62.79159;75.38319;2192.57690;190.26781;-10.61043;61.59205;-156.05713;2.86091;11.52364;0.55796;0.04842;9.05544;23.46712;3.17366;0.78281;2.15382;2.03138;0.96169
90.24260;94.75081;0.01108;0.01070;0.00389;1.00000;1.00000;75.60269;74.79900;75.66740;75.66688;87.00203;87.07650;87.07650;3.73569;-0.56894;5.56915;-0.21318;-0.33431;-36.66370;-73.07439;998.35297;994.76300;0.00000;989.74359;-36.50000;-73.00000;0.37646;0.37646;27.90455;88.58746;92.84575;2202.40869;192.42790;-11.69434;82.15942;-173.80148;-6.49137;11.44537;0.57425;0.05017;9.38630;27.53234;1.15652;0.30342;2.21990;2.00915;0.95828
86.67958;97.15340;0.01154;0.01194;0.00346;1.00000;1.00000;74.66869;73.96947;74.82784;74.82767;85.92720;86.11035;86.11034;3.89492;-0.88514;5.51335;-0.12343;-0.35948;-36.66335;-73.07435;997.98163;994.39764;0.00000;989.23486;-36.50000;-73.00000;0.35220;0.35220;24.95086;91.70458;82.90191;2201.11011;193.67480;-17.60253;74.90913;-177.83516;14.27861;11.36498;0.58685;0.05164;10.21883;30.92389;-1.38759;2.18313;2.28693;1.99591;0.96709
88.88269;101.44044;0.01125;0.01122;0.00330;1.00000;1.00000;73.78941;73.07834;73.92616;73.92610;84.91534;85.07271;85.07271;4.05911;-1.13930;5.43512;-0.07138;-0.43843;-36.66301;-73.07431;997.77911;994.20032;0.00000;988.87457;-36.50000;-73.00000;0.34547;0.34547;23.96012;84.54585;81.22733;2192.59473;193.97276;-21.78682;67.15883;-174.07423;33.09878;11.30362;0.59892;0.05299;9.83063;31.15855;-1.43324;3.81778;2.24015;1.96057;0.95943
88.78968;100.72522;0.01126;0.01073;0.00371;1.00000;1.00000;72.88583;72.18991;73.02728;73.02724;83.87552;84.03829;84.03829;4.24407;-1.11800;5.39218;-0.05962;-0.49410;-36.66267;-73.07426;997.63898;994.06458;0.00000;988.65295;-36.50000;-73.00000;0.33257;0.33257;22.43010;89.28553;75.92266;2189.75879;194.70677;-19.94732;64.17043;-177.89436;13.57821;11.24644;0.61296;0.05450;10.50791;32.14977;-1.64642;2.46636;2.24412;1.92822;0.93364
86.96521;69.33370;0.01150;0.01159;0.00397;1.00000;1.00000;71.98029;71.27490;72.10151;72.10147;82.83344;82.97294;82.97295;4.44090;-1.08743;5.40615;-0.06589;-0.50659;-36.66233;-73.07423;997.50964;993.93878;0.00000;988.49469;-36.50000;-73.00000;0.32148;0.32148;20.97164;82.43548;72.48597;2185.22119;195.50883;-18.95546;59.15031;-175.99452;9.52418;11.17710;0.62750;0.05614;10.30089;32.21982;-1.35700;1.98403;2.22116;1.88918;0.90609
92.62022;99.60159;0.01080;0.01142;0.00407;1.00000;1.00000;71.03712;70.29905;71.11415;71.11404;81.74806;81.83671;81.83671;4.66739;-1.13813;5.44792;-0.10535;-0.51430;-36.66201;-73.07419;997.33380;993.76581;0.00000;988.35364;-36.50000;-73.00000;0.30734;0.30734;19.18279;75.65942;67.87495;2180.82642;196.59598;-19.70773;55.76128;-173.16336;18.48208;11.09293;0.64374;0.05803;10.18970;31.35467;-0.16455;2.50266;2.16618;1.84141;0.85531
65.91534;80.91924;0.01517;0.01600;0.00535;1.00000;1.00000;70.04181;69.25275;70.05543;70.05511;80.60268;80.61835;80.61835;4.93273;-1.10323;5.50064;-0.17330;-0.52191;-36.66168;-73.07415;997.04791;993.48206;0.00000;988.15991;-36.50000;-73.00000;0.26829;0.26829;14.67969;65.93318;53.65569;2178.46313;198.09976;-18.95500;44.01921;-170.61787;21.73318;10.99680;0.66262;0.06026;11.02422;29.87540;1.68426;2.60070;2.09200;1.78979;0.81429
66.96999;71.70000;0.01493;0.01598;0.00399;1.00000;1.00000;68.66837;68.15891;68.94847;68.94780;79.02216;79.34448;79.34448;5.23789;-0.93439;5.57243;-0.25153;-0.49910;-36.66136;-73.07411;996.61017;993.04572;0.00000;987.86212;-36.50000;-73.00000;0.32428;0.32428;20.64468;67.19854;76.19015;2180.08496;200.40735;-15.59060;58.06998;-172.70351;9.91217;10.87827;0.68457;0.06293;8.58430;29.17913;3.15198;1.42057;2.06524;1.74409;0.76719
74.71697;81.84645;0.01338;0.01364;0.00451;1.00000;1.00000;67.25423;67.19594;67.97380;67.97313;77.39479;78.22286;78.22287;5.54554;-0.84714;5.64578;-0.25610;-0.44675;-36.66105;-73.07407;996.07483;992.51105;0.00000;987.42749;-36.50000;-73.00000;0.40194;0.40194;30.14654;97.11493;105.29400;2193.29248;204.50146;-13.25104;88.51605;-193.07008;-13.82995;10.72507;0.70860;0.06607;8.16688;32.55436;1.71876;-0.47241;2.15426;1.72455;0.75988
86.98570;84.45947;0.01150;0.01138;0.00436;1.00000;1.00000;65.99783;66.39893;67.16716;67.16693;75.94895;77.29459;77.29459;5.78159;-1.18030;5.66926;-0.15277;-0.42881;-36.66073;-73.07404;995.65747;992.09375;0.00000;986.93549;-36.50000;-73.00000;0.39027;0.39027;29.19378;110.53669;99.70100;2199.68042;208.08380;-18.97486;88.31652;-204.08734;0.06080;10.57113;0.72783;0.06885;8.89273;36.91240;-1.52563;0.85238;2.28291;1.76940;0.78265
78.67489;73.00336;0.01271;0.01258;0.00434;1.00000;1.00000;64.87332;65.58141;66.34000;66.33997;74.65488;76.34270;76.34270;5.97383;-1.69799;5.61103;-0.05531;-0.50764;-36.66042;-73.07400;995.46600;991.90179;0.00000;986.55756;-36.50000;-73.00000;0.36270;0.36270;25.84087;109.07091;88.89160;2189.24219;209.71596;-27.76950;78.89048;-202.79865;41.74477;10.43908;0.74255;0.07113;9.36298;37.23383;-1.73574;4.43079;2.29669;1.75845;0.80372
77.84164;80.72980;0.01285;0.01259;0.00401;1.00000;1.00000;63.74559;64.67812;65.42618;65.42614;73.35712;75.29111;75.29109;6.21474;-1.82924;5.54876;-0.05244;-0.60566;-36.66012;-73.07396;995.37549;991.81006;0.00000;986.35022;-36.50000;-73.00000;0.37602;0.37602;27.11460;103.44312;95.01792;2179.40308;211.03146;-28.51909;75.87277;-198.47165;37.31787;10.32738;0.76000;0.07359;8.57492;36.38392;-1.03046;4.39112;2.25767;1.72068;0.76234
86.15235;88.22232;0.01161;0.01136;0.00415;1.00000;1.00000;62.54918;63.78349;64.52108;64.52103;71.98031;74.24953;74.24953;6.49455;-1.68486;5.56027;-0.07252;-0.63843;-36.65982;-73.07392;995.25500;991.68793;0.00000;986.22314;-36.50000;-73.00000;0.39068;0.39068;28.88072;109.83222;100.72167;2178.84302;213.58629;-24.95499;80.48491;-203.31480;14.50870;10.20123;0.78127;0.07659;8.34104;37.11715;-1.25593;2.47029;2.28034;1.69600;0.72981
82.49358;85.14986;0.01212;0.01209;0.00449;1.00000;1.00000;61.37946;62.98492;63.71315;63.71311;70.63422;73.31979;73.31978;6.77012;-1.64614;5.62712;-0.06026;-0.62550;-36.65953;-73.07388;995.11774;991.54846;0.00000;986.09937;-36.50000;-73.00000;0.40483;0.40483;31.06446;128.53508;105.24656;2184.54565;217.28902;-23.67083;90.03528;-223.05304;0.49635;10.05364;0.80330;0.07990;8.56730;39.85043;-2.46576;1.18993;2.38851;1.69761;0.72724
93.21138;99.40359;0.01073;0.01104;0.00418;1.00000;1.00000;60.30147;62.25165;62.97133;62.97133;69.39370;72.46612;72.46613;7.00616;-1.86816;5.68498;-0.01697;-0.63180;-36.65924;-73.07385;995.04474;991.47278;0.00000;985.97961;-36.50000;-73.00000;0.40672;0.40672;31.48038;136.78270;105.53609;2183.13989;220.37848;-27.35367;93.86427;-229.45422;15.65326;9.90632;0.82181;0.08296;8.60894;41.26223;-3.29353;2.31834;2.45503;1.70308;0.73581
92.87150;99.49259;0.01077;0.01076;0.00389;1.00000;1.00000;59.28014;61.48647;62.19729;62.19729;68.21836;71.57537;71.57537;7.24550;-2.11663;5.71097;-0.00048;-0.67842;-36.65895;-73.07381;995.03766;991.46234;0.00000;985.91040;-36.50000;-73.00000;0.38524;0.38524;28.61017;129.16574;97.64563;2175.93555;224.42586;-31.76661;83.70924;-224.21394;33.89931;9.69557;0.83961;0.08660;8.58098;40.45263;-2.72723;3.92107;2.42867;1.68467;0.73488
88.87891;78.46830;0.01125;0.01056;0.00379;1.00000;1.00000;58.21675;60.60628;61.30690;61.30687;66.99464;70.55072;70.55072;7.54421;-2.14267;5.74031;-0.05995;-0.72922;-36.65866;-73.07378;994.99652;991.41742;0.00000;985.88666;-36.50000;-73.00000;0.38398;0.38398;28.01219;118.64226;98.24553;2165.60522;226.57651;-31.60295;79.74958;-214.25258;34.46550;9.55794;0.86007;0.08999;8.04923;38.70875;-1.69255;3.93149;2.35912;1.64305;0.70152
87.36520;91.05810;0.01145;0.01098;0.00387;1.00000;1.00000;57.04362;59.70189;60.39188;60.39166;65.64463;69.49773;69.49774;7.91643;-1.97629;5.81026;-0.15623;-0.73409;-36.65838;-73.07375;994.80115;991.21783;0.00000;985.81384;-36.50000;-73.00000;0.40741;0.40741;30.68371;123.00169;107.66132;2165.60425;230.55864;-28.23096;87.15410;-218.61525;16.39654;9.39286;0.88633;0.09436;7.51752;38.91024;-1.61971;2.29128;2.37259;1.61366;0.66043
99.57202;104.34056;0.01004;0.01005;0.00373;1.00000;1.00000;55.85148;58.90410;59.58459;59.58426;64.27274;68.56872;68.56872;8.29212;-1.92007;5.90065;-0.18957;-0.70129;-36.65811;-73.07371;994.47650;990.88855;0.00000;985.61621;-36.50000;-73.00000;0.43542;0.43542;34.67318;144.41245;117.72284;2175.11450;236.36166;-26.74541;100.60831;-241.51871;-1.83016;9.20248;0.91450;0.09937;7.42613;41.85220;-2.96628;0.72780;2.51472;1.62358;0.67677
98.61227;101.87449;0.01014;0.01038;0.00358;1.00000;1.00000;54.76392;58.20551;58.87767;58.87752;63.02119;67.75522;67.75522;8.61508;-2.20995;5.94503;-0.12949;-0.69723;-36.65784;-73.07368;994.18262;990.58960;0.00000;985.32153;-36.50000;-73.00000;0.43931;0.43931;35.64851;159.71147;118.34106;2180.26367;241.99786;-31.66099;106.35962;-258.99841;11.84435;9.00943;0.93880;0.10420;7.51874;43.12109;-3.13296;1.93875;2.56715;1.64551;0.69730
91.94848;97.64671;0.01088;0.01128;0.00368;1.00000;1.00000;53.76346;57.50404;58.16795;58.16792;61.86988;66.93848;66.93848;8.89879;-2.63846;5.91824;-0.05994;-0.75573;-36.65757;-73.07364;994.02087;990.42236;0.00000;985.05664;-36.50000;-73.00000;0.43237;0.43237;34.81842;162.36763;115.47257;2172.65674;245.87781;-38.49569;103.36237;-253.15898;34.17166;8.83633;0.95849;0.10847;7.48203;41.91415;-2.53999;4.09661;2.48754;1.64884;0.72088
93.97884;100.07005;0.01064;0.01019;0.00367;1.00000;1.00000;52.76818;56.73367;57.38861;57.38855;60.72454;66.04163;66.04163;9.15936;-2.80021;5.85651;-0.08115;-0.83692;-36.65730;-73.07361;993.91986;990.31543;0.00000;984.88843;-36.50000;-73.00000;0.42495;0.42495;33.58144;153.39600;113.59891;2154.82129;247.35597;-40.08661;99.08740;-268.05814;57.19205;8.71142;0.97661;0.11211;7.21618;41.26570;-1.33703;4.51858;2.45230;1.61919;0.70498
91.91525;80.17960;0.01088;0.01071;0.00376;1.00000;1.00000;51.75877;56.08458;56.73177;56.73090;59.56293;65.28575;65.28575;9.31411;-2.44332;5.71303;-0.31765;-0.84286;-36.65704;-73.07357;993.60596;989.99524;0.00000;984.73535;-36.50000;-73.00000;0.49528;0.49528;43.28693;181.18460;140.73723;2132.00415;246.29137;-32.31736;122.25060;-259.55762;0.22784;8.65643;0.98876;0.11422;6.64628;43.60571;-4.52032;0.45946;2.57639;1.63579;0.69055
93.03753;87.38967;0.01075;0.01063;0.00398;1.00000;1.00000;50.96103;55.68901;56.33102;56.32811;58.64491;64.82458;64.82458;9.47822;-2.36435;5.47933;-0.58255;-0.79882;-36.65678;-73.07354;992.85907;989.24182;0.00000;984.36542;-36.50000;-73.00000;0.49528;0.49528;43.73354;191.00415;140.12703;2131.48755;248.99292;-31.46490;119.87621;-273.94644;-0.79968;8.56043;1.00262;0.11712;6.69861;45.47334;-5.40727;-0.07280;2.67874;1.67291;0.70728
93.65310;99.73073;0.01068;0.01057;0.00371;1.00000;1.00000;50.38675;55.40524;56.04297;56.03651;57.98404;64.49310;64.49310;9.57813;-2.54244;5.04228;-0.87006;-0.79224;-36.65652;-73.07351;991.65442;988.03021;0.00000;983.59302;-36.50000;-73.00000;0.49528;0.49528;43.84752;193.68051;139.98303;2126.20947;250.41095;-34.81623;121.16730;-276.11298;22.40326;8.49088;1.01041;0.11900;6.65345;46.01457;-5.85396;1.16476;2.70981;1.68953;0.71782
86.15560;75.66013;0.01161;0.01089;0.00382;1.00000;1.00000;49.99427;55.23275;55.86712;55.85479;57.53239;64.29073;64.29073;9.62968;-2.58166;4.35151;-1.20359;-0.80903;-36.65627;-73.07349;989.96747;986.33606;0.00000;982.39752;-36.50000;-73.00000;0.49528;0.49528;43.87652;194.47711;139.96651;2121.30591;250.73874;-35.37104;123.06512;-275.02499;26.08443;8.46022;1.01438;0.11990;6.62350;46.13181;-6.09554;1.31867;2.71790;1.69541;0.72125
88.81313;101.06114;0.01126;0.01088;0.00386;1.00000;1.00000;49.75796;55.17809;55.80996;55.78885;57.26044;64.22496;64.22496;9.64426;-2.43360;3.39952;-1.57637;-0.80733;-36.65601;-73.07346;987.68152;984.04254;0.00000;980.67535;-36.50000;-73.00000;0.49528;0.49528;43.88366;194.46176;139.98611;2120.16846;250.67918;-33.00657;123.47707;-274.00528;16.20879;8.45770;1.01585;0.12011;6.61369;46.18464;-6.21228;0.52223;2.72213;1.69880;0.71850
99.88568;104.05827;0.01001;0.00991;0.00369;1.00000;1.00000;49.69289;55.27837;55.90900;55.87698;57.18556;64.33893;64.33893;9.63406;-2.25605;2.19546;-1.93892;-0.77814;-36.65575;-73.07345;984.77667;981.12994;0.00000;978.37292;-36.50000;-73.00000;0.56604;0.56604;54.03910;213.44850;167.87828;2127.79980;251.24319;-29.77609;145.20108;-268.10782;-3.45461;8.46908;1.01581;0.11994;6.10531;48.01655;-8.36056;-1.33941;2.82718;1.73726;0.74373
8.58998;19.90000;0.11641;0.00991;0.00369;1.00000;1.00000;49.69813;55.32826;55.95905;55.92553;57.19159;64.39652;64.39652;9.63730;-2.24257;1.97861;-1.98304;-0.77089;-36.65571;-73.07344;984.26416;980.61621;0.00000;977.95160;-36.50000;-73.00000;0.59434;0.59434;58.21287;220.31010;179.14719;2129.93652;251.60916;-29.38673;331.61975;-266.50635;-15.59615;8.46526;1.01499;0.11990;5.91866;48.75056;-8.82570;-1.56966;2.87092;1.75556;0.75701
93.73509;93.04056;0.01067;0.01057;0.00407;1.00000;1.00000;50.06673;56.08745;56.72347;56.68632;57.61576;65.27621;65.27621;9.55559;-3.59650;0.42993;-2.07368;-0.85456;-36.65540;-73.07343;980.20758;976.55011;0.00000;974.41211;-36.50000;-73.00000;0.66981;0.66981;72.78371;286.52518;205.77545;2180.87939;260.46960;-55.85340;326.96240;-263.25702;18.96178;8.37288;1.01133;0.12079;5.98161;56.49536;-15.38099;7.39405;3.35887;2.01088;1.02538
95.21354;104.40593;0.01050;0.01130;0.00385;1.00000;1.00000;50.77296;56.87614;57.51854;57.50085;58.42848;66.19115;66.19115;9.55553;-6.13657;359.51016;-1.42049;-1.26194;-36.65514;-73.07343;977.18103;973.51508;0.00000;971.08917;-36.50000;-73.00000;0.66981;0.66981;73.92552;303.16357;203.98004;2238.80664;275.37146;-104.32242;-46.66351;-308.28943;163.86954;8.13013;1.00960;0.12418;5.97172;60.05310;-16.11494;25.34425;3.60971;2.19677;1.92087
90.19215;88.57396;0.01109;0.01105;0.00373;1.00000;1.00000;51.46494;57.37274;58.01946;58.01907;59.22480;66.76761;66.76761;9.73972;-5.50321;359.12708;-0.21037;-1.65006;-36.65487;-73.07344;975.68835;972.01343;0.00000;968.31482;-36.50000;-73.00000;0.70283;0.70283;80.13484;319.68216;216.43077;2322.56274;283.83316;-81.21775;213.21878;-290.30850;123.69102;8.18285;1.02931;0.12579;5.91364;62.59779;-19.02919;9.76098;3.72883;2.31751;1.18293
85.84392;91.22423;0.01165;0.01184;0.00372;1.00000;1.00000;52.09398;57.42731;58.07563;58.05245;59.94868;66.83225;66.83225;9.77385;-3.27887;358.98975;1.61893;-1.48137;-36.65460;-73.07345;976.84985;973.16565;0.00000;967.11139;-36.50000;-73.00000;0.70283;0.70283;80.51666;325.17422;215.74794;2356.12280;283.38901;-41.17389;194.15149;-374.07367;-96.78522;8.31409;1.04220;0.12535;6.06613;66.51891;-16.92663;-4.94592;3.91306;2.28582;1.04378
96.41155;95.02090;0.01037;0.01066;0.00372;1.00000;1.00000;52.26263;56.95676;57.60339;57.50726;60.14276;66.28880;66.28880;9.71778;-3.10110;359.07813;3.31065;-1.21340;-36.65434;-73.07345;981.08777;977.39386;0.00000;968.43884;-36.50000;-73.00000;0.70283;0.70283;80.58347;328.56207;215.55974;2312.87842;278.57755;-41.49114;184.07281;-353.27762;-42.47680;8.30246;1.04005;0.12527;6.05398;66.50543;-18.57529;-3.15927;3.90621;2.30132;1.03056
89.53149;89.37349;0.01117;0.01045;0.00353;1.00000;1.00000;51.69846;56.07713;56.71946;56.52670;59.49352;65.27160;65.27160;9.87686;-3.83621;358.84891;4.72500;-1.15647;-36.65407;-73.07346;987.90051;984.19653;0.00000;972.61853;-36.50000;-73.00000;0.74057;0.74057;87.49956;350.49725;230.45410;2267.18774;277.31979;-54.39994;202.60785;-363.06226;34.63714;8.17535;1.05174;0.12865;5.79417;70.27618;-22.10941;1.15482;4.17210;2.36619;1.06185
93.10585;99.28514;0.01074;0.01053;0.00360;1.00000;1.00000;50.56310;54.94360;55.58014;55.29268;58.18698;63.96048;63.96048;10.17586;-4.10815;358.10968;5.82980;-1.19792;-36.65381;-73.07346;996.69849;992.98425;0.00000;979.32410;-36.50000;-73.00000;0.74057;0.74057;87.72981;360.65140;229.92656;2223.20898;277.27994;-57.03968;206.71912;-378.23065;38.83030;8.01792;1.07433;0.13399;5.66799;71.39881;-22.77219;1.34556;4.26915;2.39208;1.07631
94.75608;94.28625;0.01055;0.01115;0.00381;1.00000;1.00000;49.05947;53.58372;54.21250;53.86087;56.45663;62.38663;62.38663;10.52482;-3.90744;356.90750;6.52931;-1.20339;-36.65356;-73.07348;1006.73193;1003.00757;0.00000;987.93018;-36.50000;-73.00000;0.77830;0.77830;94.19360;371.73273;245.82849;2165.19604;274.82480;-51.18658;214.98056;-382.70627;3.23663;7.87846;1.10008;0.13963;5.29784;72.25459;-24.06959;-1.54159;4.36589;2.41603;1.07374
11.80753;19.90000;0.08469;0.01115;0.00381;1.00000;1.00000;48.57512;53.14680;53.77312;53.41034;55.89925;61.88101;61.88102;10.65615;-3.82628;356.40973;6.65924;-1.18993;-36.65348;-73.07349;1010.15320;1006.42548;0.00000;991.05084;-36.50000;-73.00000;0.81132;0.81132;100.50988;388.98444;259.05670;2149.44116;274.61301;-48.80209;225.22282;-384.22354;-15.50228;7.82716;1.11010;0.14183;5.14704;73.95325;-25.90116;-3.19842;4.50194;2.47375;1.10288
86.76093;86.71523;0.01153;0.01159;0.00415;1.00000;1.00000;46.46776;51.70984;52.32897;51.92616;53.47415;60.21910;60.21911;11.48270;-3.78038;353.97479;7.11370;-1.12854;-36.65319;-73.07352;1022.76202;1019.02258;0.00000;1003.03113;-36.50000;-73.00000;0.81604;0.81604;102.78645;423.14639;258.82822;2147.54639;287.46979;-49.07323;228.65091;-558.52283;2.32588;7.47051;1.17162;0.15683;4.95795;84.17686;-24.70456;-4.11711;5.31408;2.54100;1.13890
67.57071;54.60005;0.01480;0.01371;0.00426;1.00000;1.00000;45.16026;51.25726;51.87836;51.73709;51.96949;59.70055;59.70055;7.41708;-4.01475;351.30035;4.22929;-1.15578;-36.65296;-73.07355;1032.46228;1028.71338;0.00000;1013.54071;-36.50000;-73.00000;0.81604;0.81604;102.92314;421.87573;258.45264;1616.79016;179.64066;-40.99871;226.61880;51.77868;9.48279;9.00013;0.89771;0.09974;5.96538;61.82658;-48.04489;-0.65933;3.50083;2.88375;1.28865
90.68233;93.93200;0.01103;0.01095;0.00357;1.00000;1.00000;45.10678;52.09533;52.72918;52.72903;51.90796;60.67965;60.67966;7.99879;-5.04652;348.13370;0.13423;-1.35353;-36.65272;-73.07361;1035.78235;1032.02356;0.00000;1022.03314;-36.50000;-73.00000;0.70755;0.70755;81.63836;353.06915;216.17506;1745.24841;202.59305;-65.07999;192.98354;-289.01605;51.91885;8.61455;0.93810;0.10890;6.03697;65.05990;-27.13331;12.02859;3.70808;2.36227;1.44524
83.59280;87.65010;0.01196;0.01146;0.00422;1.00000;1.00000;45.99387;53.68936;54.34047;54.26167;52.92880;62.53390;62.53389;9.39234;-6.82306;345.49216;-3.08579;-1.80733;-36.65248;-73.07368;1033.11011;1029.34180;0.00000;1025.13428;-36.50000;-73.00000;0.70283;0.70283;80.27981;337.50998;215.27393;2009.87708;252.03284;-104.33650;182.14265;-393.71768;181.77199;7.97466;1.01715;0.12755;5.61219;67.15909;-18.92702;25.90932;3.98248;2.32171;2.12842
72.82406;86.62508;0.01373;0.01334;0.00419;1.00000;1.00000;47.42057;55.25681;55.92253;55.83121;54.57062;64.35450;64.35450;9.75472;-7.44548;343.88956;-3.27467;-2.22267;-36.65224;-73.07376;1027.77710;1023.99884;0.00000;1023.05304;-36.50000;-73.00000;0.70755;0.70755;80.99155;332.07477;217.46875;2165.23926;275.20413;-117.36311;89.15127;-437.98474;210.26353;7.86776;1.03449;0.13148;5.57269;66.34726;-15.27450;28.18282;3.96469;2.28639;2.22561
93.04126;88.51908;0.01075;0.01024;0.00346;1.00000;1.00000;49.32166;56.75625;57.43564;57.36096;56.75836;66.09576;66.09576;9.11162;-5.14865;343.44064;-2.92202;-2.22093;-36.65199;-73.07385;1022.56824;1018.77948;0.00000;1018.45575;-36.50000;-73.00000;0.66509;0.66509;73.98660;316.42255;199.69960;2198.28149;260.43536;-69.10529;231.21382;-240.39980;8.22186;8.44079;0.99551;0.11794;6.32728;61.64798;-22.13546;6.55080;3.61503;2.31707;1.12524
102.93949;107.03200;0.00971;0.00952;0.00346;1.00000;1.00000;51.40719;57.81438;58.50278;58.46894;59.15834;67.32380;67.32380;8.93432;-3.22354;343.69635;-1.94885;-1.81004;-36.65173;-73.07394;1018.31091;1014.51025;0.00000;1013.54694;-36.50000;-73.00000;0.59906;0.59906;62.26316;272.32794;174.81236;2266.57227;261.70865;-40.63962;155.16742;-422.17990;-58.39600;8.66067;0.98921;0.11422;6.76215;62.63469;-10.87276;-1.75029;3.58101;2.11779;0.96191
92.70712;89.90381;0.01079;0.01034;0.00352;1.00000;1.00000;52.98003;58.50457;59.19858;59.17120;60.96833;68.12451;68.12451;8.07003;-2.96662;344.17651;-1.74273;-1.44810;-36.65147;-73.07404;1015.33026;1011.51672;0.00000;1009.50201;-36.50000;-73.00000;0.60377;0.60377;62.34835;255.32463;178.24135;2143.34985;236.28662;-38.39366;151.71565;-10.65721;-14.93927;9.07097;0.91349;0.10070;6.90568;49.65032;-25.50047;0.10104;2.98912;2.22577;0.93415
81.17066;77.29768;0.01232;0.01084;0.00374;1.00000;1.00000;54.07097;59.26841;59.96933;59.96166;62.22376;69.01148;69.01147;8.05577;-3.42800;344.53085;-0.91645;-1.27536;-36.65120;-73.07413;1012.89893;1009.07184;0.00000;1006.30817;-36.50000;-73.00000;0.73585;0.73585;86.18464;327.22531;228.88675;2220.65796;245.17957;-46.30819;205.52638;-333.22324;4.55209;9.05727;0.92220;0.10182;6.54629;66.40618;-21.18306;0.66755;3.77803;2.25488;1.07932
101.85893;107.10078;0.00982;0.00961;0.00347;1.00000;1.00000;55.24605;60.32005;61.03209;61.02340;63.57602;70.23448;70.23448;6.82367;-3.94088;344.53897;-0.96691;-1.29258;-36.65093;-73.07423;1011.43036;1007.58893;0.00000;1004.01825;-36.50000;-73.00000;0.66509;0.66509;74.50425;311.32819;198.73689;2078.93872;217.98286;-53.99006;182.48621;-265.28119;75.78064;9.53717;0.83351;0.08740;7.45135;63.94012;-25.01912;6.19698;3.57013;2.32387;1.16154
92.93095;94.47330;0.01076;0.01039;0.00383;1.00000;1.00000;56.65482;61.30526;62.02675;61.99968;65.19720;71.37911;71.37911;6.45156;-3.60487;344.31335;-1.69277;-1.35144;-36.65066;-73.07432;1009.02728;1005.17523;0.00000;1002.14917;-36.50000;-73.00000;0.56132;0.56132;56.34282;247.07785;159.53773;2066.49023;209.81754;-48.67297;150.14793;-270.23248;71.21188;9.84899;0.80210;0.08144;8.13947;58.16506;-19.02401;6.50297;3.23876;2.15029;1.08293
101.94924;104.52598;0.00981;0.00994;0.00358;1.00000;1.00000;57.98621;62.13555;62.86320;62.79984;66.72935;72.34168;72.34168;6.16124;-2.64424;344.11331;-2.57265;-1.26709;-36.65038;-73.07442;1005.12585;1001.26733;0.00000;999.55188;-36.50000;-73.00000;0.49528;0.49528;45.37937;198.15755;136.14178;2050.36914;202.57161;-34.12854;125.40908;-233.74741;10.59054;10.12170;0.77472;0.07654;8.55812;50.92343;-14.52943;2.42918;2.88489;1.99639;0.96944
91.99462;98.64851;0.01087;0.01091;0.00396;1.00000;1.00000;59.18492;62.96700;63.69912;63.58198;68.10879;73.30363;73.30363;6.09173;-2.02294;344.01962;-3.47517;-1.08406;-36.65010;-73.07452;999.49353;995.62799;0.00000;995.57849;-36.50000;-73.00000;0.44811;0.44811;38.13906;167.38927;119.36156;2079.15161;202.99962;-26.38619;106.80592;-247.10394;-10.80057;10.24215;0.76498;0.07469;8.88217;47.36520;-9.80165;0.62686;2.71664;1.89256;0.89594
73.03375;75.05254;0.01369;0.01343;0.00430;1.00000;1.00000;60.30622;63.76358;64.49816;64.32922;69.39916;74.22316;74.22316;5.94216;-1.92667;343.95178;-4.14785;-0.94599;-36.64982;-73.07462;992.31488;988.44165;0.00000;989.95154;-36.50000;-73.00000;0.37736;0.37736;28.30715;132.58392;93.47464;2085.89185;201.51628;-27.52317;82.71832;-204.99779;24.03411;10.35098;0.74841;0.07230;9.58862;41.50175;-6.92516;2.91054;2.47264;1.81841;0.85281
80.14645;88.31582;0.01248;0.01208;0.00372;1.00000;1.00000;61.37486;64.50137;65.23617;65.00376;70.62893;75.07245;75.07246;5.77333;-1.79310;343.86584;-4.83790;-0.87214;-36.64953;-73.07472;983.68713;979.80542;0.00000;982.75555;-36.50000;-73.00000;0.22170;0.22170;9.76871;87.52971;35.08472;2085.80078;198.88483;-26.94820;41.36625;-191.56030;41.08888;10.48748;0.73135;0.06974;14.68213;35.48962;-2.05924;4.38888;2.23131;1.74653;0.81135
94.46487;96.20010;0.01059;0.01062;0.00392;1.00000;1.00000;62.25523;64.89282;65.62274;65.40788;71.64204;75.51730;75.51730;7.30326;-1.34638;343.83926;-4.63767;-0.77791;-36.64924;-73.07483;974.05975;970.16901;0.00000;974.19995;-36.50000;-73.00000;0.25943;0.25943;13.71149;61.05407;52.77452;2425.27026;246.07909;-22.10507;44.78142;-358.41153;11.97906;9.85565;0.84015;0.08525;9.35842;39.01007;10.53652;2.34347;2.42803;1.82023;0.67735
97.34083;104.74495;0.01027;0.00984;0.00380;1.00000;1.00000;62.52332;64.62292;65.34268;65.21863;71.95055;75.19502;75.19502;5.84564;-1.00825;343.94598;-3.53115;-0.64089;-36.64895;-73.07493;966.69977;962.79913;0.00000;965.33136;-36.50000;-73.00000;0.00000;0.00000;-7.06146;28.86104;-30.01927;2082.39526;196.76453;-15.98227;-14.02126;-82.85242;6.48739;10.58318;0.72741;0.06873;-19.09155;23.97879;1.72378;2.21637;1.84850;1.60103;0.69074
97.91978;100.24058;0.01021;0.01012;0.00358;1.00000;1.00000;62.50775;64.47867;65.18906;64.94074;71.93264;75.01823;75.01823;5.29190;-0.90392;344.11801;-5.00259;-0.57594;-36.64866;-73.07504;958.64838;954.74164;0.00000;957.56781;-36.50000;-73.00000;0.00000;0.00000;-1.39325;-4.15115;-6.87775;1945.39709;178.33780;-16.19137;-14.98831;-65.96835;53.75930;10.90850;0.68260;0.06258;5.09783;15.45527;7.20698;5.11961;1.56146;1.54122;0.66481
100.23655;107.57315;0.00998;0.00985;0.00374;1.00000;1.00000;62.42126;64.47200;65.17216;64.89008;71.83311;74.99879;74.99879;7.23579;-0.33801;344.43771;-5.33288;-0.48295;-36.64838;-73.07513;948.11023;944.20276;0.00000;948.90271;-36.50000;-73.00000;0.00000;0.00000;-0.48863;-7.96258;-2.50074;2347.43384;233.91992;-7.96362;-6.64664;-273.73914;13.19103;10.03520;0.82384;0.08209;10.67406;20.66708;21.82835;2.61134;1.75501;1.88044;0.55934
94.79341;92.79020;0.01055;0.01026;0.00375;1.00000;1.00000;62.07359;63.97736;64.66348;64.48538;71.43301;74.41341;74.41341;6.88349;0.08171;345.03287;-4.25340;-0.30507;-36.64809;-73.07523;939.03589;935.12701;0.00000;939.08685;-36.50000;-73.00000;0.00000;0.00000;-0.17245;-8.18834;-0.89509;2243.33252;218.20915;1.60310;-10.26405;-334.60483;-25.05801;10.28065;0.79953;0.07777;12.66633;22.32738;22.63285;-0.59908;1.83063;1.83111;0.55011
101.70728;92.18289;0.00983;0.00946;0.00350;1.00000;1.00000;61.62559;63.66351;64.33823;64.10435;70.91747;74.03911;74.03911;6.50452;-0.17248;345.72394;-4.88672;-0.19105;-36.64780;-73.07533;930.58093;926.66986;0.00000;930.14264;-36.50000;-73.00000;0.00000;0.00000;-0.01341;-8.20077;-0.07014;2127.16504;203.56958;-3.36030;-9.68990;-59.91048;10.21638;10.44933;0.76562;0.07327;13.84170;13.02634;13.19370;1.58322;1.68637;1.68672;0.54969
104.47123;106.15711;0.00957;0.00937;0.00336;1.00000;1.00000;60.99880;62.88029;63.53891;63.44510;70.19617;73.11928;73.11928;9.35968;-0.42190;346.60681;-3.11380;-0.17513;-36.64751;-73.07542;922.28510;918.37433;0.00000;921.34271;-36.50000;-73.00000;0.00000;0.00000;0.17457;-5.55011;0.92118;2614.88867;289.02234;-8.69911;-5.66183;-403.04300;24.53264;9.04736;0.96475;0.10663;11.34793;26.72872;26.91550;3.15238;2.21831;2.22066;0.48710
103.47864;97.03087;0.00966;0.00944;0.00330;1.00000;1.00000;59.48380;61.04250;61.67900;61.67529;68.45273;70.97894;70.97894;8.91946;-0.52511;347.68909;-0.62972;-0.17364;-36.64723;-73.07549;919.13391;915.22418;0.00000;914.19586;-36.50000;-73.00000;0.00000;0.00000;0.46888;-3.29288;2.51251;2387.83789;258.29449;-5.35816;-5.67932;-260.75677;-44.82882;9.24463;0.93483;0.10112;11.18050;20.82337;21.01496;-0.91139;1.92859;1.93058;0.46843
98.82457;102.52204;0.01012;0.00944;0.00330;1.00000;1.00000;57.28783;58.95389;59.56838;59.56829;65.92566;68.55007;68.55007;8.68133;-2.10175;348.88470;0.09867;-0.14594;-36.64696;-73.07557;918.87579;914.96625;0.00000;910.84381;-36.50000;-73.00000;0.00000;0.00000;0.80542;-0.84706;4.39935;2191.42700;237.63919;-9.45381;-30.13217;-271.67102;-276.62039;9.22166;0.91980;0.09974;10.95845;20.51861;20.58590;-14.67346;1.72290;1.79039;1.34076
92.56374;95.61143;0.01080;0.00980;0.00341;1.00000;1.00000;54.68141;57.08766;57.68234;57.67585;62.92624;66.37966;66.37966;8.41099;-6.06636;349.50900;-0.85992;-0.58053;-36.64669;-73.07563;918.45886;914.54895;0.00000;909.91730;-36.50000;-73.00000;0.00000;0.00000;1.14047;1.41001;6.36247;1993.49963;219.50792;-62.71467;-3.03008;-234.11804;-55.69616;9.08168;0.89232;0.09826;6.39902;17.20345;18.68925;0.34950;1.43186;1.67480;1.36650
84.05180;75.42047;0.01190;0.01082;0.00380;1.00000;1.00000;52.15686;55.87520;56.45451;56.36539;60.02105;64.96670;64.96670;10.08157;-7.80275;349.06180;-3.21990;-1.37871;-36.64643;-73.07569;915.15906;911.24829;0.00000;908.80420;-36.50000;-73.00000;0.00000;0.00000;1.41489;3.13737;8.04616;1992.03247;254.34970;-122.90537;-8.07979;1252.58484;564.41205;7.83186;0.93078;0.11885;6.13740;-28.11190;-39.16307;38.17701;2.75250;3.60584;3.14169
85.44353;82.77460;0.01170;0.01174;0.00417;1.00000;1.00000;49.46163;53.99630;54.55241;54.51591;56.91943;62.77779;62.77779;12.67175;-3.84219;348.35568;-2.09579;-1.53847;-36.64618;-73.07575;910.54083;906.62891;0.00000;905.44574;-36.50000;-73.00000;0.00000;0.00000;1.72820;5.17805;10.07286;2255.96851;298.02417;-62.40662;-290.69296;-521.35883;-187.56108;7.56975;1.12875;0.14911;6.60945;21.60475;30.91146;14.38455;1.57461;2.00689;0.77743
99.25330;101.18385;0.01008;0.01171;0.00339;1.00000;1.00000;47.87187;53.24218;53.78646;53.56985;55.08997;61.89635;61.89635;8.33192;-2.55962;349.68774;-5.14383;-1.42725;-36.64593;-73.07581;905.41870;901.50519;0.00000;901.36322;-36.50000;-73.00000;0.00000;0.00000;1.81754;2.63580;10.67422;1713.02063;183.80460;-32.03741;-867.52075;32.93237;151.72124;9.31979;0.88154;0.09459;4.71775;9.09471;7.27975;9.45869;1.12717;1.21209;0.55006
80.20419;95.01188;0.01247;0.00984;0.00329;1.00000;1.00000;47.65258;53.91428;54.45646;53.82578;54.83761;62.66738;62.66738;8.74181;1.61869;350.97919;-8.72843;-0.81889;-36.64569;-73.07587;894.27136;890.94598;0.00000;895.04755;-36.50000;-73.00000;0.00000;0.00000;1.80883;1.37657;10.61149;1839.32605;200.08401;28.71267;70.37496;-145.06952;-243.03767;9.19277;0.92309;0.10041;1.86146;13.16682;14.14235;-13.43674;1.28017;1.30023;0.72531
93.85242;94.75081;0.01066;0.01177;0.00420;1.00000;1.00000;48.52411;55.50841;56.05309;54.93895;55.84055;64.50475;64.50474;8.40806;2.28976;352.48898;-11.44270;-0.09759;-
